Frame, Element Type, H-Acceptor dist / Å, Donor-Acceptor dist / Å, Angle cutoff / °, Number of Hydrogen Bonds
0,O,2.500,3.500,30.000,4
1,O,2.500,3.500,30.000,11
2,O,2.500,3.500,30.000,14
3,O,2.500,3.500,30.000,16
4,O,2.500,3.500,30.000,12
5,O,2.500,3.500,30.000,16
6,O,2.500,3.500,30.000,16
7,O,2.500,3.500,30.000,12
8,O,2.500,3.500,30.000,18
9,O,2.500,3.500,30.000,19
10,O,2.500,3.500,30.000,14
11,O,2.500,3.500,30.000,17
12,O,2.500,3.500,30.000,11
13,O,2.500,3.500,30.000,11
14,O,2.500,3.500,30.000,11
15,O,2.500,3.500,30.000,17
16,O,2.500,3.500,30.000,18
17,O,2.500,3.500,30.000,15
18,O,2.500,3.500,30.000,15
19,O,2.500,3.500,30.000,19
20,O,2.500,3.500,30.000,22
21,O,2.500,3.500,30.000,14
22,O,2.500,3.500,30.000,20
23,O,2.500,3.500,30.000,14
24,O,2.500,3.500,30.000,18
25,O,2.500,3.500,30.000,25
26,O,2.500,3.500,30.000,21
27,O,2.500,3.500,30.000,20
28,O,2.500,3.500,30.000,17
29,O,2.500,3.500,30.000,15
30,O,2.500,3.500,30.000,18
31,O,2.500,3.500,30.000,18
32,O,2.500,3.500,30.000,17
33,O,2.500,3.500,30.000,21
34,O,2.500,3.500,30.000,23
35,O,2.500,3.500,30.000,23
36,O,2.500,3.500,30.000,23
37,O,2.500,3.500,30.000,14
38,O,2.500,3.500,30.000,17
39,O,2.500,3.500,30.000,22
40,O,2.500,3.500,30.000,15
41,O,2.500,3.500,30.000,23
42,O,2.500,3.500,30.000,20
43,O,2.500,3.500,30.000,20
44,O,2.500,3.500,30.000,27
45,O,2.500,3.500,30.000,20
46,O,2.500,3.500,30.000,14
47,O,2.500,3.500,30.000,20
48,O,2.500,3.500,30.000,17
49,O,2.500,3.500,30.000,23
50,O,2.500,3.500,30.000,30
51,O,2.500,3.500,30.000,17
52,O,2.500,3.500,30.000,21
53,O,2.500,3.500,30.000,16
54,O,2.500,3.500,30.000,17
55,O,2.500,3.500,30.000,19
56,O,2.500,3.500,30.000,22
57,O,2.500,3.500,30.000,18
58,O,2.500,3.500,30.000,15
59,O,2.500,3.500,30.000,24
60,O,2.500,3.500,30.000,23
61,O,2.500,3.500,30.000,22
62,O,2.500,3.500,30.000,20
63,O,2.500,3.500,30.000,21
64,O,2.500,3.500,30.000,16
65,O,2.500,3.500,30.000,14
66,O,2.500,3.500,30.000,24
67,O,2.500,3.500,30.000,31
68,O,2.500,3.500,30.000,14
69,O,2.500,3.500,30.000,22
70,O,2.500,3.500,30.000,20
71,O,2.500,3.500,30.000,22
72,O,2.500,3.500,30.000,24
73,O,2.500,3.500,30.000,20
74,O,2.500,3.500,30.000,24
75,O,2.500,3.500,30.000,15
76,O,2.500,3.500,30.000,24
77,O,2.500,3.500,30.000,21
78,O,2.500,3.500,30.000,17
79,O,2.500,3.500,30.000,27
80,O,2.500,3.500,30.000,17
81,O,2.500,3.500,30.000,23
82,O,2.500,3.500,30.000,28
83,O,2.500,3.500,30.000,14
84,O,2.500,3.500,30.000,20
85,O,2.500,3.500,30.000,21
86,O,2.500,3.500,30.000,22
87,O,2.500,3.500,30.000,19
88,O,2.500,3.500,30.000,24
89,O,2.500,3.500,30.000,28
90,O,2.500,3.500,30.000,25
91,O,2.500,3.500,30.000,19
92,O,2.500,3.500,30.000,22
93,O,2.500,3.500,30.000,21
94,O,2.500,3.500,30.000,14
95,O,2.500,3.500,30.000,24
96,O,2.500,3.500,30.000,20
97,O,2.500,3.500,30.000,29
98,O,2.500,3.500,30.000,19
99,O,2.500,3.500,30.000,23
100,O,2.500,3.500,30.000,25
101,O,2.500,3.500,30.000,19
102,O,2.500,3.500,30.000,18
103,O,2.500,3.500,30.000,23
104,O,2.500,3.500,30.000,18
105,O,2.500,3.500,30.000,17
106,O,2.500,3.500,30.000,19
107,O,2.500,3.500,30.000,23
108,O,2.500,3.500,30.000,22
109,O,2.500,3.500,30.000,25
110,O,2.500,3.500,30.000,19
111,O,2.500,3.500,30.000,21
112,O,2.500,3.500,30.000,28
113,O,2.500,3.500,30.000,32
114,O,2.500,3.500,30.000,24
115,O,2.500,3.500,30.000,26
116,O,2.500,3.500,30.000,24
117,O,2.500,3.500,30.000,21
118,O,2.500,3.500,30.000,19
119,O,2.500,3.500,30.000,19
120,O,2.500,3.500,30.000,25
121,O,2.500,3.500,30.000,20
122,O,2.500,3.500,30.000,27
123,O,2.500,3.500,30.000,34
124,O,2.500,3.500,30.000,22
125,O,2.500,3.500,30.000,29
126,O,2.500,3.500,30.000,24
127,O,2.500,3.500,30.000,27
128,O,2.500,3.500,30.000,22
129,O,2.500,3.500,30.000,24
130,O,2.500,3.500,30.000,28
131,O,2.500,3.500,30.000,18
132,O,2.500,3.500,30.000,23
133,O,2.500,3.500,30.000,23
134,O,2.500,3.500,30.000,23
135,O,2.500,3.500,30.000,22
136,O,2.500,3.500,30.000,25
137,O,2.500,3.500,30.000,29
138,O,2.500,3.500,30.000,19
139,O,2.500,3.500,30.000,22
140,O,2.500,3.500,30.000,30
141,O,2.500,3.500,30.000,25
142,O,2.500,3.500,30.000,26
143,O,2.500,3.500,30.000,24
144,O,2.500,3.500,30.000,23
145,O,2.500,3.500,30.000,28
146,O,2.500,3.500,30.000,27
147,O,2.500,3.500,30.000,24
148,O,2.500,3.500,30.000,34
149,O,2.500,3.500,30.000,22
150,O,2.500,3.500,30.000,28
151,O,2.500,3.500,30.000,29
152,O,2.500,3.500,30.000,26
153,O,2.500,3.500,30.000,29
154,O,2.500,3.500,30.000,16
155,O,2.500,3.500,30.000,23
156,O,2.500,3.500,30.000,21
157,O,2.500,3.500,30.000,27
158,O,2.500,3.500,30.000,21
159,O,2.500,3.500,30.000,27
160,O,2.500,3.500,30.000,25
161,O,2.500,3.500,30.000,27
162,O,2.500,3.500,30.000,22
163,O,2.500,3.500,30.000,26
164,O,2.500,3.500,30.000,26
165,O,2.500,3.500,30.000,22
166,O,2.500,3.500,30.000,21
167,O,2.500,3.500,30.000,24
168,O,2.500,3.500,30.000,22
169,O,2.500,3.500,30.000,25
170,O,2.500,3.500,30.000,22
171,O,2.500,3.500,30.000,26
172,O,2.500,3.500,30.000,28
173,O,2.500,3.500,30.000,17
174,O,2.500,3.500,30.000,27
175,O,2.500,3.500,30.000,26
176,O,2.500,3.500,30.000,22
177,O,2.500,3.500,30.000,24
178,O,2.500,3.500,30.000,16
179,O,2.500,3.500,30.000,25
180,O,2.500,3.500,30.000,22
181,O,2.500,3.500,30.000,22
182,O,2.500,3.500,30.000,25
183,O,2.500,3.500,30.000,28
184,O,2.500,3.500,30.000,27
185,O,2.500,3.500,30.000,21
186,O,2.500,3.500,30.000,26
187,O,2.500,3.500,30.000,27
188,O,2.500,3.500,30.000,31
189,O,2.500,3.500,30.000,22
190,O,2.500,3.500,30.000,25
191,O,2.500,3.500,30.000,23
192,O,2.500,3.500,30.000,23
193,O,2.500,3.500,30.000,16
194,O,2.500,3.500,30.000,28
195,O,2.500,3.500,30.000,32
196,O,2.500,3.500,30.000,26
197,O,2.500,3.500,30.000,22
198,O,2.500,3.500,30.000,25
199,O,2.500,3.500,30.000,24
200,O,2.500,3.500,30.000,26
201,O,2.500,3.500,30.000,14
202,O,2.500,3.500,30.000,20
203,O,2.500,3.500,30.000,23
204,O,2.500,3.500,30.000,34
205,O,2.500,3.500,30.000,27
206,O,2.500,3.500,30.000,26
207,O,2.500,3.500,30.000,23
208,O,2.500,3.500,30.000,29
209,O,2.500,3.500,30.000,28
210,O,2.500,3.500,30.000,29
211,O,2.500,3.500,30.000,22
212,O,2.500,3.500,30.000,26
213,O,2.500,3.500,30.000,25
214,O,2.500,3.500,30.000,31
215,O,2.500,3.500,30.000,32
216,O,2.500,3.500,30.000,32
217,O,2.500,3.500,30.000,32
218,O,2.500,3.500,30.000,29
219,O,2.500,3.500,30.000,23
220,O,2.500,3.500,30.000,25
221,O,2.500,3.500,30.000,27
222,O,2.500,3.500,30.000,31
223,O,2.500,3.500,30.000,21
224,O,2.500,3.500,30.000,25
225,O,2.500,3.500,30.000,25
226,O,2.500,3.500,30.000,22
227,O,2.500,3.500,30.000,33
228,O,2.500,3.500,30.000,20
229,O,2.500,3.500,30.000,29
230,O,2.500,3.500,30.000,27
231,O,2.500,3.500,30.000,30
232,O,2.500,3.500,30.000,30
233,O,2.500,3.500,30.000,23
234,O,2.500,3.500,30.000,27
235,O,2.500,3.500,30.000,24
236,O,2.500,3.500,30.000,25
237,O,2.500,3.500,30.000,34
238,O,2.500,3.500,30.000,35
239,O,2.500,3.500,30.000,25
240,O,2.500,3.500,30.000,34
241,O,2.500,3.500,30.000,31
242,O,2.500,3.500,30.000,35
243,O,2.500,3.500,30.000,23
244,O,2.500,3.500,30.000,29
245,O,2.500,3.500,30.000,21
246,O,2.500,3.500,30.000,29
247,O,2.500,3.500,30.000,28
248,O,2.500,3.500,30.000,30
249,O,2.500,3.500,30.000,30
250,O,2.500,3.500,30.000,21
251,O,2.500,3.500,30.000,31
252,O,2.500,3.500,30.000,28
253,O,2.500,3.500,30.000,29
254,O,2.500,3.500,30.000,29
255,O,2.500,3.500,30.000,32
256,O,2.500,3.500,30.000,25
257,O,2.500,3.500,30.000,38
258,O,2.500,3.500,30.000,33
259,O,2.500,3.500,30.000,36
260,O,2.500,3.500,30.000,30
261,O,2.500,3.500,30.000,30
262,O,2.500,3.500,30.000,36
263,O,2.500,3.500,30.000,18
264,O,2.500,3.500,30.000,27
265,O,2.500,3.500,30.000,25
266,O,2.500,3.500,30.000,33
267,O,2.500,3.500,30.000,32
268,O,2.500,3.500,30.000,25
269,O,2.500,3.500,30.000,31
270,O,2.500,3.500,30.000,24
271,O,2.500,3.500,30.000,35
272,O,2.500,3.500,30.000,26
273,O,2.500,3.500,30.000,30
274,O,2.500,3.500,30.000,33
275,O,2.500,3.500,30.000,27
276,O,2.500,3.500,30.000,28
277,O,2.500,3.500,30.000,31
278,O,2.500,3.500,30.000,18
279,O,2.500,3.500,30.000,27
280,O,2.500,3.500,30.000,26
281,O,2.500,3.500,30.000,32
282,O,2.500,3.500,30.000,28
283,O,2.500,3.500,30.000,27
284,O,2.500,3.500,30.000,26
285,O,2.500,3.500,30.000,29
286,O,2.500,3.500,30.000,34
287,O,2.500,3.500,30.000,30
288,O,2.500,3.500,30.000,32
289,O,2.500,3.500,30.000,27
290,O,2.500,3.500,30.000,29
291,O,2.500,3.500,30.000,24
292,O,2.500,3.500,30.000,29
293,O,2.500,3.500,30.000,33
294,O,2.500,3.500,30.000,26
295,O,2.500,3.500,30.000,29
296,O,2.500,3.500,30.000,30
297,O,2.500,3.500,30.000,24
298,O,2.500,3.500,30.000,28
299,O,2.500,3.500,30.000,33
300,O,2.500,3.500,30.000,38
301,O,2.500,3.500,30.000,29
302,O,2.500,3.500,30.000,27
303,O,2.500,3.500,30.000,37
304,O,2.500,3.500,30.000,29
305,O,2.500,3.500,30.000,32
306,O,2.500,3.500,30.000,34
307,O,2.500,3.500,30.000,20
308,O,2.500,3.500,30.000,29
309,O,2.500,3.500,30.000,29
310,O,2.500,3.500,30.000,29
311,O,2.500,3.500,30.000,38
312,O,2.500,3.500,30.000,22
313,O,2.500,3.500,30.000,36
314,O,2.500,3.500,30.000,29
315,O,2.500,3.500,30.000,33
316,O,2.500,3.500,30.000,27
317,O,2.500,3.500,30.000,27
318,O,2.500,3.500,30.000,27
319,O,2.500,3.500,30.000,30
320,O,2.500,3.500,30.000,26
321,O,2.500,3.500,30.000,27
322,O,2.500,3.500,30.000,26
323,O,2.500,3.500,30.000,31
324,O,2.500,3.500,30.000,26
325,O,2.500,3.500,30.000,33
326,O,2.500,3.500,30.000,30
327,O,2.500,3.500,30.000,37
328,O,2.500,3.500,30.000,31
329,O,2.500,3.500,30.000,22
330,O,2.500,3.500,30.000,30
331,O,2.500,3.500,30.000,25
332,O,2.500,3.500,30.000,29
333,O,2.500,3.500,30.000,38
334,O,2.500,3.500,30.000,32
335,O,2.500,3.500,30.000,29
336,O,2.500,3.500,30.000,28
337,O,2.500,3.500,30.000,31
338,O,2.500,3.500,30.000,32
339,O,2.500,3.500,30.000,33
340,O,2.500,3.500,30.000,23
341,O,2.500,3.500,30.000,24
342,O,2.500,3.500,30.000,23
343,O,2.500,3.500,30.000,32
344,O,2.500,3.500,30.000,28
345,O,2.500,3.500,30.000,30
346,O,2.500,3.500,30.000,37
347,O,2.500,3.500,30.000,28
348,O,2.500,3.500,30.000,32
349,O,2.500,3.500,30.000,33
350,O,2.500,3.500,30.000,30
351,O,2.500,3.500,30.000,34
352,O,2.500,3.500,30.000,34
353,O,2.500,3.500,30.000,37
354,O,2.500,3.500,30.000,32
355,O,2.500,3.500,30.000,33
356,O,2.500,3.500,30.000,23
357,O,2.500,3.500,30.000,29
358,O,2.500,3.500,30.000,34
359,O,2.500,3.500,30.000,28
360,O,2.500,3.500,30.000,32
361,O,2.500,3.500,30.000,30
362,O,2.500,3.500,30.000,31
363,O,2.500,3.500,30.000,29
364,O,2.500,3.500,30.000,38
365,O,2.500,3.500,30.000,31
366,O,2.500,3.500,30.000,26
367,O,2.500,3.500,30.000,42
368,O,2.500,3.500,30.000,35
369,O,2.500,3.500,30.000,35
370,O,2.500,3.500,30.000,35
371,O,2.500,3.500,30.000,24
372,O,2.500,3.500,30.000,28
373,O,2.500,3.500,30.000,28
374,O,2.500,3.500,30.000,31
375,O,2.500,3.500,30.000,38
376,O,2.500,3.500,30.000,24
377,O,2.500,3.500,30.000,31
378,O,2.500,3.500,30.000,31
379,O,2.500,3.500,30.000,30
380,O,2.500,3.500,30.000,35
381,O,2.500,3.500,30.000,35
382,O,2.500,3.500,30.000,34
383,O,2.500,3.500,30.000,32
384,O,2.500,3.500,30.000,33
385,O,2.500,3.500,30.000,34
386,O,2.500,3.500,30.000,29
387,O,2.500,3.500,30.000,34
388,O,2.500,3.500,30.000,25
389,O,2.500,3.500,30.000,29
390,O,2.500,3.500,30.000,35
391,O,2.500,3.500,30.000,32
392,O,2.500,3.500,30.000,34
393,O,2.500,3.500,30.000,38
394,O,2.500,3.500,30.000,32
395,O,2.500,3.500,30.000,35
396,O,2.500,3.500,30.000,28
397,O,2.500,3.500,30.000,36
398,O,2.500,3.500,30.000,32
399,O,2.500,3.500,30.000,33
400,O,2.500,3.500,30.000,40
401,O,2.500,3.500,30.000,26
402,O,2.500,3.500,30.000,30
403,O,2.500,3.500,30.000,28
404,O,2.500,3.500,30.000,28
405,O,2.500,3.500,30.000,28
406,O,2.500,3.500,30.000,32
407,O,2.500,3.500,30.000,31
408,O,2.500,3.500,30.000,28
409,O,2.500,3.500,30.000,37
410,O,2.500,3.500,30.000,39
411,O,2.500,3.500,30.000,22
412,O,2.500,3.500,30.000,42
413,O,2.500,3.500,30.000,31
414,O,2.500,3.500,30.000,33
415,O,2.500,3.500,30.000,32
416,O,2.500,3.500,30.000,41
417,O,2.500,3.500,30.000,37
418,O,2.500,3.500,30.000,33
419,O,2.500,3.500,30.000,31
420,O,2.500,3.500,30.000,27
421,O,2.500,3.500,30.000,34
422,O,2.500,3.500,30.000,27
423,O,2.500,3.500,30.000,27
424,O,2.500,3.500,30.000,33
425,O,2.500,3.500,30.000,33
426,O,2.500,3.500,30.000,37
427,O,2.500,3.500,30.000,33
428,O,2.500,3.500,30.000,32
429,O,2.500,3.500,30.000,32
430,O,2.500,3.500,30.000,33
431,O,2.500,3.500,30.000,35
432,O,2.500,3.500,30.000,25
433,O,2.500,3.500,30.000,35
434,O,2.500,3.500,30.000,31
435,O,2.500,3.500,30.000,43
436,O,2.500,3.500,30.000,36
437,O,2.500,3.500,30.000,30
438,O,2.500,3.500,30.000,34
439,O,2.500,3.500,30.000,26
440,O,2.500,3.500,30.000,30
441,O,2.500,3.500,30.000,45
442,O,2.500,3.500,30.000,37
443,O,2.500,3.500,30.000,38
444,O,2.500,3.500,30.000,38
445,O,2.500,3.500,30.000,41
446,O,2.500,3.500,30.000,35
447,O,2.500,3.500,30.000,31
448,O,2.500,3.500,30.000,36
449,O,2.500,3.500,30.000,39
450,O,2.500,3.500,30.000,36
451,O,2.500,3.500,30.000,27
452,O,2.500,3.500,30.000,40
453,O,2.500,3.500,30.000,33
454,O,2.500,3.500,30.000,41
455,O,2.500,3.500,30.000,30
456,O,2.500,3.500,30.000,28
457,O,2.500,3.500,30.000,38
458,O,2.500,3.500,30.000,25
459,O,2.500,3.500,30.000,27
460,O,2.500,3.500,30.000,35
461,O,2.500,3.500,30.000,20
462,O,2.500,3.500,30.000,27
463,O,2.500,3.500,30.000,36
464,O,2.500,3.500,30.000,37
465,O,2.500,3.500,30.000,24
466,O,2.500,3.500,30.000,41
467,O,2.500,3.500,30.000,35
468,O,2.500,3.500,30.000,29
469,O,2.500,3.500,30.000,31
470,O,2.500,3.500,30.000,35
471,O,2.500,3.500,30.000,38
472,O,2.500,3.500,30.000,46
473,O,2.500,3.500,30.000,28
474,O,2.500,3.500,30.000,36
475,O,2.500,3.500,30.000,34
476,O,2.500,3.500,30.000,32
477,O,2.500,3.500,30.000,31
478,O,2.500,3.500,30.000,37
479,O,2.500,3.500,30.000,33
480,O,2.500,3.500,30.000,33
481,O,2.500,3.500,30.000,46
482,O,2.500,3.500,30.000,41
483,O,2.500,3.500,30.000,34
484,O,2.500,3.500,30.000,37
485,O,2.500,3.500,30.000,34
486,O,2.500,3.500,30.000,38
487,O,2.500,3.500,30.000,41
488,O,2.500,3.500,30.000,37
489,O,2.500,3.500,30.000,41
490,O,2.500,3.500,30.000,46
491,O,2.500,3.500,30.000,41
492,O,2.500,3.500,30.000,42
493,O,2.500,3.500,30.000,30
494,O,2.500,3.500,30.000,27
495,O,2.500,3.500,30.000,35
496,O,2.500,3.500,30.000,40
497,O,2.500,3.500,30.000,39
498,O,2.500,3.500,30.000,34
499,O,2.500,3.500,30.000,32
500,O,2.500,3.500,30.000,37
501,O,2.500,3.500,30.000,34
502,O,2.500,3.500,30.000,40
503,O,2.500,3.500,30.000,34
504,O,2.500,3.500,30.000,38
505,O,2.500,3.500,30.000,39
506,O,2.500,3.500,30.000,42
507,O,2.500,3.500,30.000,39
508,O,2.500,3.500,30.000,28
509,O,2.500,3.500,30.000,36
510,O,2.500,3.500,30.000,37
511,O,2.500,3.500,30.000,33
512,O,2.500,3.500,30.000,39
513,O,2.500,3.500,30.000,46
514,O,2.500,3.500,30.000,45
515,O,2.500,3.500,30.000,39
516,O,2.500,3.500,30.000,38
517,O,2.500,3.500,30.000,29
518,O,2.500,3.500,30.000,41
519,O,2.500,3.500,30.000,34
520,O,2.500,3.500,30.000,42
521,O,2.500,3.500,30.000,42
522,O,2.500,3.500,30.000,31
523,O,2.500,3.500,30.000,38
524,O,2.500,3.500,30.000,39
525,O,2.500,3.500,30.000,47
526,O,2.500,3.500,30.000,39
527,O,2.500,3.500,30.000,47
528,O,2.500,3.500,30.000,44
529,O,2.500,3.500,30.000,52
530,O,2.500,3.500,30.000,43
531,O,2.500,3.500,30.000,42
532,O,2.500,3.500,30.000,29
533,O,2.500,3.500,30.000,36
534,O,2.500,3.500,30.000,36
535,O,2.500,3.500,30.000,41
536,O,2.500,3.500,30.000,40
537,O,2.500,3.500,30.000,34
538,O,2.500,3.500,30.000,37
539,O,2.500,3.500,30.000,44
540,O,2.500,3.500,30.000,29
541,O,2.500,3.500,30.000,31
542,O,2.500,3.500,30.000,36
543,O,2.500,3.500,30.000,42
544,O,2.500,3.500,30.000,40
545,O,2.500,3.500,30.000,45
546,O,2.500,3.500,30.000,42
547,O,2.500,3.500,30.000,40
548,O,2.500,3.500,30.000,37
549,O,2.500,3.500,30.000,34
550,O,2.500,3.500,30.000,35
551,O,2.500,3.500,30.000,36
552,O,2.500,3.500,30.000,38
553,O,2.500,3.500,30.000,45
554,O,2.500,3.500,30.000,41
555,O,2.500,3.500,30.000,35
556,O,2.500,3.500,30.000,40
557,O,2.500,3.500,30.000,41
558,O,2.500,3.500,30.000,37
559,O,2.500,3.500,30.000,33
560,O,2.500,3.500,30.000,34
561,O,2.500,3.500,30.000,42
562,O,2.500,3.500,30.000,36
563,O,2.500,3.500,30.000,40
564,O,2.500,3.500,30.000,41
565,O,2.500,3.500,30.000,44
566,O,2.500,3.500,30.000,34
567,O,2.500,3.500,30.000,40
568,O,2.500,3.500,30.000,36
569,O,2.500,3.500,30.000,41
570,O,2.500,3.500,30.000,50
571,O,2.500,3.500,30.000,35
572,O,2.500,3.500,30.000,46
573,O,2.500,3.500,30.000,31
574,O,2.500,3.500,30.000,39
575,O,2.500,3.500,30.000,41
576,O,2.500,3.500,30.000,42
577,O,2.500,3.500,30.000,41
578,O,2.500,3.500,30.000,35
579,O,2.500,3.500,30.000,33
580,O,2.500,3.500,30.000,48
581,O,2.500,3.500,30.000,41
582,O,2.500,3.500,30.000,32
583,O,2.500,3.500,30.000,45
584,O,2.500,3.500,30.000,33
585,O,2.500,3.500,30.000,43
586,O,2.500,3.500,30.000,46
587,O,2.500,3.500,30.000,34
588,O,2.500,3.500,30.000,43
589,O,2.500,3.500,30.000,38
590,O,2.500,3.500,30.000,43
591,O,2.500,3.500,30.000,42
592,O,2.500,3.500,30.000,40
593,O,2.500,3.500,30.000,41
594,O,2.500,3.500,30.000,39
595,O,2.500,3.500,30.000,41
596,O,2.500,3.500,30.000,34
597,O,2.500,3.500,30.000,35
598,O,2.500,3.500,30.000,43
599,O,2.500,3.500,30.000,49
600,O,2.500,3.500,30.000,36
601,O,2.500,3.500,30.000,43
602,O,2.500,3.500,30.000,42
603,O,2.500,3.500,30.000,37
604,O,2.500,3.500,30.000,43
605,O,2.500,3.500,30.000,37
606,O,2.500,3.500,30.000,42
607,O,2.500,3.500,30.000,35
608,O,2.500,3.500,30.000,48
609,O,2.500,3.500,30.000,50
610,O,2.500,3.500,30.000,35
611,O,2.500,3.500,30.000,51
612,O,2.500,3.500,30.000,46
613,O,2.500,3.500,30.000,36
614,O,2.500,3.500,30.000,44
615,O,2.500,3.500,30.000,41
616,O,2.500,3.500,30.000,41
617,O,2.500,3.500,30.000,33
618,O,2.500,3.500,30.000,40
619,O,2.500,3.500,30.000,34
620,O,2.500,3.500,30.000,35
621,O,2.500,3.500,30.000,52
622,O,2.500,3.500,30.000,36
623,O,2.500,3.500,30.000,43
624,O,2.500,3.500,30.000,35
625,O,2.500,3.500,30.000,33
626,O,2.500,3.500,30.000,37
627,O,2.500,3.500,30.000,46
628,O,2.500,3.500,30.000,30
629,O,2.500,3.500,30.000,46
630,O,2.500,3.500,30.000,37
631,O,2.500,3.500,30.000,41
632,O,2.500,3.500,30.000,55
633,O,2.500,3.500,30.000,55
634,O,2.500,3.500,30.000,41
635,O,2.500,3.500,30.000,43
636,O,2.500,3.500,30.000,39
637,O,2.500,3.500,30.000,40
638,O,2.500,3.500,30.000,37
639,O,2.500,3.500,30.000,39
640,O,2.500,3.500,30.000,45
641,O,2.500,3.500,30.000,40
642,O,2.500,3.500,30.000,39
643,O,2.500,3.500,30.000,39
644,O,2.500,3.500,30.000,43
645,O,2.500,3.500,30.000,36
646,O,2.500,3.500,30.000,47
647,O,2.500,3.500,30.000,46
648,O,2.500,3.500,30.000,34
649,O,2.500,3.500,30.000,43
650,O,2.500,3.500,30.000,45
651,O,2.500,3.500,30.000,47
652,O,2.500,3.500,30.000,45
653,O,2.500,3.500,30.000,48
654,O,2.500,3.500,30.000,37
655,O,2.500,3.500,30.000,48
656,O,2.500,3.500,30.000,45
657,O,2.500,3.500,30.000,50
658,O,2.500,3.500,30.000,41
659,O,2.500,3.500,30.000,49
660,O,2.500,3.500,30.000,43
661,O,2.500,3.500,30.000,45
662,O,2.500,3.500,30.000,43
663,O,2.500,3.500,30.000,30
664,O,2.500,3.500,30.000,37
665,O,2.500,3.500,30.000,36
666,O,2.500,3.500,30.000,30
667,O,2.500,3.500,30.000,36
668,O,2.500,3.500,30.000,45
669,O,2.500,3.500,30.000,35
670,O,2.500,3.500,30.000,44
671,O,2.500,3.500,30.000,42
672,O,2.500,3.500,30.000,51
673,O,2.500,3.500,30.000,38
674,O,2.500,3.500,30.000,47
675,O,2.500,3.500,30.000,44
676,O,2.500,3.500,30.000,38
677,O,2.500,3.500,30.000,42
678,O,2.500,3.500,30.000,50
679,O,2.500,3.500,30.000,40
680,O,2.500,3.500,30.000,46
681,O,2.500,3.500,30.000,48
682,O,2.500,3.500,30.000,47
683,O,2.500,3.500,30.000,46
684,O,2.500,3.500,30.000,40
685,O,2.500,3.500,30.000,43
686,O,2.500,3.500,30.000,38
687,O,2.500,3.500,30.000,46
688,O,2.500,3.500,30.000,38
689,O,2.500,3.500,30.000,35
690,O,2.500,3.500,30.000,46
691,O,2.500,3.500,30.000,41
692,O,2.500,3.500,30.000,44
693,O,2.500,3.500,30.000,37
694,O,2.500,3.500,30.000,57
695,O,2.500,3.500,30.000,48
696,O,2.500,3.500,30.000,48
697,O,2.500,3.500,30.000,52
698,O,2.500,3.500,30.000,42
699,O,2.500,3.500,30.000,51
700,O,2.500,3.500,30.000,42
701,O,2.500,3.500,30.000,44
702,O,2.500,3.500,30.000,51
703,O,2.500,3.500,30.000,47
704,O,2.500,3.500,30.000,41
705,O,2.500,3.500,30.000,49
706,O,2.500,3.500,30.000,39
707,O,2.500,3.500,30.000,37
708,O,2.500,3.500,30.000,35
709,O,2.500,3.500,30.000,49
710,O,2.500,3.500,30.000,52
711,O,2.500,3.500,30.000,41
712,O,2.500,3.500,30.000,33
713,O,2.500,3.500,30.000,39
714,O,2.500,3.500,30.000,40
715,O,2.500,3.500,30.000,49
716,O,2.500,3.500,30.000,39
717,O,2.500,3.500,30.000,43
718,O,2.500,3.500,30.000,51
719,O,2.500,3.500,30.000,50
720,O,2.500,3.500,30.000,41
721,O,2.500,3.500,30.000,53
722,O,2.500,3.500,30.000,43
723,O,2.500,3.500,30.000,46
724,O,2.500,3.500,30.000,46
725,O,2.500,3.500,30.000,45
726,O,2.500,3.500,30.000,43
727,O,2.500,3.500,30.000,44
728,O,2.500,3.500,30.000,39
729,O,2.500,3.500,30.000,52
730,O,2.500,3.500,30.000,43
731,O,2.500,3.500,30.000,53
732,O,2.500,3.500,30.000,50
733,O,2.500,3.500,30.000,47
734,O,2.500,3.500,30.000,36
735,O,2.500,3.500,30.000,41
736,O,2.500,3.500,30.000,50
737,O,2.500,3.500,30.000,46
738,O,2.500,3.500,30.000,45
739,O,2.500,3.500,30.000,49
740,O,2.500,3.500,30.000,55
741,O,2.500,3.500,30.000,47
742,O,2.500,3.500,30.000,51
743,O,2.500,3.500,30.000,41
744,O,2.500,3.500,30.000,60
745,O,2.500,3.500,30.000,30
746,O,2.500,3.500,30.000,36
747,O,2.500,3.500,30.000,46
748,O,2.500,3.500,30.000,43
749,O,2.500,3.500,30.000,43
750,O,2.500,3.500,30.000,45
751,O,2.500,3.500,30.000,42
752,O,2.500,3.500,30.000,47
753,O,2.500,3.500,30.000,35
754,O,2.500,3.500,30.000,51
755,O,2.500,3.500,30.000,43
756,O,2.500,3.500,30.000,32
757,O,2.500,3.500,30.000,38
758,O,2.500,3.500,30.000,44
759,O,2.500,3.500,30.000,42
760,O,2.500,3.500,30.000,42
761,O,2.500,3.500,30.000,52
762,O,2.500,3.500,30.000,45
763,O,2.500,3.500,30.000,46
764,O,2.500,3.500,30.000,42
765,O,2.500,3.500,30.000,53
766,O,2.500,3.500,30.000,45
767,O,2.500,3.500,30.000,34
768,O,2.500,3.500,30.000,52
769,O,2.500,3.500,30.000,52
770,O,2.500,3.500,30.000,52
771,O,2.500,3.500,30.000,41
772,O,2.500,3.500,30.000,37
773,O,2.500,3.500,30.000,45
774,O,2.500,3.500,30.000,53
775,O,2.500,3.500,30.000,49
776,O,2.500,3.500,30.000,38
777,O,2.500,3.500,30.000,45
778,O,2.500,3.500,30.000,41
779,O,2.500,3.500,30.000,53
780,O,2.500,3.500,30.000,44
781,O,2.500,3.500,30.000,42
782,O,2.500,3.500,30.000,39
783,O,2.500,3.500,30.000,49
784,O,2.500,3.500,30.000,40
785,O,2.500,3.500,30.000,49
786,O,2.500,3.500,30.000,46
787,O,2.500,3.500,30.000,54
788,O,2.500,3.500,30.000,53
789,O,2.500,3.500,30.000,55
790,O,2.500,3.500,30.000,45
791,O,2.500,3.500,30.000,52
792,O,2.500,3.500,30.000,43
793,O,2.500,3.500,30.000,49
794,O,2.500,3.500,30.000,56
795,O,2.500,3.500,30.000,56
796,O,2.500,3.500,30.000,46
797,O,2.500,3.500,30.000,47
798,O,2.500,3.500,30.000,49
799,O,2.500,3.500,30.000,42
800,O,2.500,3.500,30.000,48
801,O,2.500,3.500,30.000,49
802,O,2.500,3.500,30.000,45
803,O,2.500,3.500,30.000,54
804,O,2.500,3.500,30.000,52
805,O,2.500,3.500,30.000,43
806,O,2.500,3.500,30.000,46
807,O,2.500,3.500,30.000,47
808,O,2.500,3.500,30.000,43
809,O,2.500,3.500,30.000,63
810,O,2.500,3.500,30.000,50
811,O,2.500,3.500,30.000,36
812,O,2.500,3.500,30.000,52
813,O,2.500,3.500,30.000,52
814,O,2.500,3.500,30.000,46
815,O,2.500,3.500,30.000,30
816,O,2.500,3.500,30.000,48
817,O,2.500,3.500,30.000,46
818,O,2.500,3.500,30.000,52
819,O,2.500,3.500,30.000,46
820,O,2.500,3.500,30.000,38
821,O,2.500,3.500,30.000,55
822,O,2.500,3.500,30.000,45
823,O,2.500,3.500,30.000,36
824,O,2.500,3.500,30.000,48
825,O,2.500,3.500,30.000,49
826,O,2.500,3.500,30.000,44
827,O,2.500,3.500,30.000,52
828,O,2.500,3.500,30.000,43
829,O,2.500,3.500,30.000,44
830,O,2.500,3.500,30.000,46
831,O,2.500,3.500,30.000,51
832,O,2.500,3.500,30.000,57
833,O,2.500,3.500,30.000,51
834,O,2.500,3.500,30.000,54
835,O,2.500,3.500,30.000,50
836,O,2.500,3.500,30.000,48
837,O,2.500,3.500,30.000,38
838,O,2.500,3.500,30.000,53
839,O,2.500,3.500,30.000,51
840,O,2.500,3.500,30.000,37
841,O,2.500,3.500,30.000,49
842,O,2.500,3.500,30.000,50
843,O,2.500,3.500,30.000,45
844,O,2.500,3.500,30.000,54
845,O,2.500,3.500,30.000,43
846,O,2.500,3.500,30.000,35
847,O,2.500,3.500,30.000,44
848,O,2.500,3.500,30.000,62
849,O,2.500,3.500,30.000,50
850,O,2.500,3.500,30.000,49
851,O,2.500,3.500,30.000,51
852,O,2.500,3.500,30.000,46
853,O,2.500,3.500,30.000,53
854,O,2.500,3.500,30.000,47
855,O,2.500,3.500,30.000,48
856,O,2.500,3.500,30.000,53
857,O,2.500,3.500,30.000,62
858,O,2.500,3.500,30.000,51
859,O,2.500,3.500,30.000,54
860,O,2.500,3.500,30.000,58
861,O,2.500,3.500,30.000,46
862,O,2.500,3.500,30.000,47
863,O,2.500,3.500,30.000,52
864,O,2.500,3.500,30.000,49
865,O,2.500,3.500,30.000,58
866,O,2.500,3.500,30.000,57
867,O,2.500,3.500,30.000,57
868,O,2.500,3.500,30.000,58
869,O,2.500,3.500,30.000,45
870,O,2.500,3.500,30.000,39
871,O,2.500,3.500,30.000,45
872,O,2.500,3.500,30.000,50
873,O,2.500,3.500,30.000,43
874,O,2.500,3.500,30.000,62
875,O,2.500,3.500,30.000,41
876,O,2.500,3.500,30.000,50
877,O,2.500,3.500,30.000,53
878,O,2.500,3.500,30.000,50
879,O,2.500,3.500,30.000,51
880,O,2.500,3.500,30.000,52
881,O,2.500,3.500,30.000,50
882,O,2.500,3.500,30.000,47
883,O,2.500,3.500,30.000,43
884,O,2.500,3.500,30.000,58
885,O,2.500,3.500,30.000,45
886,O,2.500,3.500,30.000,56
887,O,2.500,3.500,30.000,54
888,O,2.500,3.500,30.000,59
889,O,2.500,3.500,30.000,56
890,O,2.500,3.500,30.000,42
891,O,2.500,3.500,30.000,43
892,O,2.500,3.500,30.000,46
893,O,2.500,3.500,30.000,45
894,O,2.500,3.500,30.000,53
895,O,2.500,3.500,30.000,52
896,O,2.500,3.500,30.000,46
897,O,2.500,3.500,30.000,44
898,O,2.500,3.500,30.000,36
899,O,2.500,3.500,30.000,54
900,O,2.500,3.500,30.000,56
901,O,2.500,3.500,30.000,55
902,O,2.500,3.500,30.000,41
903,O,2.500,3.500,30.000,59
904,O,2.500,3.500,30.000,58
905,O,2.500,3.500,30.000,53
906,O,2.500,3.500,30.000,47
907,O,2.500,3.500,30.000,52
908,O,2.500,3.500,30.000,51
909,O,2.500,3.500,30.000,58
910,O,2.500,3.500,30.000,49
911,O,2.500,3.500,30.000,46
912,O,2.500,3.500,30.000,52
913,O,2.500,3.500,30.000,57
914,O,2.500,3.500,30.000,50
915,O,2.500,3.500,30.000,49
916,O,2.500,3.500,30.000,46
917,O,2.500,3.500,30.000,56
918,O,2.500,3.500,30.000,61
919,O,2.500,3.500,30.000,49
920,O,2.500,3.500,30.000,60
921,O,2.500,3.500,30.000,60
922,O,2.500,3.500,30.000,46
923,O,2.500,3.500,30.000,45
924,O,2.500,3.500,30.000,62
925,O,2.500,3.500,30.000,47
926,O,2.500,3.500,30.000,51
927,O,2.500,3.500,30.000,46
928,O,2.500,3.500,30.000,51
929,O,2.500,3.500,30.000,55
930,O,2.500,3.500,30.000,52
931,O,2.500,3.500,30.000,51
932,O,2.500,3.500,30.000,55
933,O,2.500,3.500,30.000,61
934,O,2.500,3.500,30.000,40
935,O,2.500,3.500,30.000,55
936,O,2.500,3.500,30.000,52
937,O,2.500,3.500,30.000,52
938,O,2.500,3.500,30.000,46
939,O,2.500,3.500,30.000,53
940,O,2.500,3.500,30.000,41
941,O,2.500,3.500,30.000,41
942,O,2.500,3.500,30.000,52
943,O,2.500,3.500,30.000,54
944,O,2.500,3.500,30.000,57
945,O,2.500,3.500,30.000,58
946,O,2.500,3.500,30.000,48
947,O,2.500,3.500,30.000,47
948,O,2.500,3.500,30.000,54
949,O,2.500,3.500,30.000,59
950,O,2.500,3.500,30.000,55
951,O,2.500,3.500,30.000,48
952,O,2.500,3.500,30.000,52
953,O,2.500,3.500,30.000,52
954,O,2.500,3.500,30.000,58
955,O,2.500,3.500,30.000,49
956,O,2.500,3.500,30.000,52
957,O,2.500,3.500,30.000,53
958,O,2.500,3.500,30.000,47
959,O,2.500,3.500,30.000,64
960,O,2.500,3.500,30.000,65
961,O,2.500,3.500,30.000,47
962,O,2.500,3.500,30.000,56
963,O,2.500,3.500,30.000,49
964,O,2.500,3.500,30.000,44
965,O,2.500,3.500,30.000,50
966,O,2.500,3.500,30.000,50
967,O,2.500,3.500,30.000,48
968,O,2.500,3.500,30.000,51
969,O,2.500,3.500,30.000,58
970,O,2.500,3.500,30.000,49
971,O,2.500,3.500,30.000,55
972,O,2.500,3.500,30.000,52
973,O,2.500,3.500,30.000,49
974,O,2.500,3.500,30.000,54
975,O,2.500,3.500,30.000,54
976,O,2.500,3.500,30.000,45
977,O,2.500,3.500,30.000,45
978,O,2.500,3.500,30.000,56
979,O,2.500,3.500,30.000,51
980,O,2.500,3.500,30.000,58
981,O,2.500,3.500,30.000,65
982,O,2.500,3.500,30.000,57
983,O,2.500,3.500,30.000,56
984,O,2.500,3.500,30.000,47
985,O,2.500,3.500,30.000,61
986,O,2.500,3.500,30.000,54
987,O,2.500,3.500,30.000,63
988,O,2.500,3.500,30.000,53
989,O,2.500,3.500,30.000,58
990,O,2.500,3.500,30.000,53
991,O,2.500,3.500,30.000,60
992,O,2.500,3.500,30.000,47
993,O,2.500,3.500,30.000,53
994,O,2.500,3.500,30.000,60
995,O,2.500,3.500,30.000,58
996,O,2.500,3.500,30.000,41
997,O,2.500,3.500,30.000,53
998,O,2.500,3.500,30.000,64
999,O,2.500,3.500,30.000,50
1000,O,2.500,3.500,30.000,52
1001,O,2.500,3.500,30.000,57
1002,O,2.500,3.500,30.000,44
1003,O,2.500,3.500,30.000,53
1004,O,2.500,3.500,30.000,48
1005,O,2.500,3.500,30.000,49
1006,O,2.500,3.500,30.000,58
1007,O,2.500,3.500,30.000,64
1008,O,2.500,3.500,30.000,58
1009,O,2.500,3.500,30.000,51
1010,O,2.500,3.500,30.000,64
1011,O,2.500,3.500,30.000,57
1012,O,2.500,3.500,30.000,62
1013,O,2.500,3.500,30.000,58
1014,O,2.500,3.500,30.000,57
1015,O,2.500,3.500,30.000,56
1016,O,2.500,3.500,30.000,60
1017,O,2.500,3.500,30.000,65
1018,O,2.500,3.500,30.000,66
1019,O,2.500,3.500,30.000,60
1020,O,2.500,3.500,30.000,51
1021,O,2.500,3.500,30.000,52
1022,O,2.500,3.500,30.000,47
1023,O,2.500,3.500,30.000,52
1024,O,2.500,3.500,30.000,54
1025,O,2.500,3.500,30.000,51
1026,O,2.500,3.500,30.000,60
1027,O,2.500,3.500,30.000,51
1028,O,2.500,3.500,30.000,52
1029,O,2.500,3.500,30.000,50
1030,O,2.500,3.500,30.000,52
1031,O,2.500,3.500,30.000,68
1032,O,2.500,3.500,30.000,53
1033,O,2.500,3.500,30.000,50
1034,O,2.500,3.500,30.000,60
1035,O,2.500,3.500,30.000,56
1036,O,2.500,3.500,30.000,56
1037,O,2.500,3.500,30.000,47
1038,O,2.500,3.500,30.000,48
1039,O,2.500,3.500,30.000,48
1040,O,2.500,3.500,30.000,60
1041,O,2.500,3.500,30.000,57
1042,O,2.500,3.500,30.000,61
1043,O,2.500,3.500,30.000,76
1044,O,2.500,3.500,30.000,52
1045,O,2.500,3.500,30.000,62
1046,O,2.500,3.500,30.000,52
1047,O,2.500,3.500,30.000,53
1048,O,2.500,3.500,30.000,49
1049,O,2.500,3.500,30.000,59
1050,O,2.500,3.500,30.000,64
1051,O,2.500,3.500,30.000,51
1052,O,2.500,3.500,30.000,64
1053,O,2.500,3.500,30.000,63
1054,O,2.500,3.500,30.000,63
1055,O,2.500,3.500,30.000,54
1056,O,2.500,3.500,30.000,55
1057,O,2.500,3.500,30.000,54
1058,O,2.500,3.500,30.000,56
1059,O,2.500,3.500,30.000,63
1060,O,2.500,3.500,30.000,52
1061,O,2.500,3.500,30.000,56
1062,O,2.500,3.500,30.000,50
1063,O,2.500,3.500,30.000,52
1064,O,2.500,3.500,30.000,71
1065,O,2.500,3.500,30.000,65
1066,O,2.500,3.500,30.000,52
1067,O,2.500,3.500,30.000,63
1068,O,2.500,3.500,30.000,57
1069,O,2.500,3.500,30.000,55
1070,O,2.500,3.500,30.000,54
1071,O,2.500,3.500,30.000,53
1072,O,2.500,3.500,30.000,49
1073,O,2.500,3.500,30.000,56
1074,O,2.500,3.500,30.000,67
1075,O,2.500,3.500,30.000,56
1076,O,2.500,3.500,30.000,69
1077,O,2.500,3.500,30.000,45
1078,O,2.500,3.500,30.000,58
1079,O,2.500,3.500,30.000,56
1080,O,2.500,3.500,30.000,70
1081,O,2.500,3.500,30.000,60
1082,O,2.500,3.500,30.000,44
1083,O,2.500,3.500,30.000,67
1084,O,2.500,3.500,30.000,55
1085,O,2.500,3.500,30.000,55
1086,O,2.500,3.500,30.000,62
1087,O,2.500,3.500,30.000,54
1088,O,2.500,3.500,30.000,68
1089,O,2.500,3.500,30.000,59
1090,O,2.500,3.500,30.000,56
1091,O,2.500,3.500,30.000,59
1092,O,2.500,3.500,30.000,60
1093,O,2.500,3.500,30.000,59
1094,O,2.500,3.500,30.000,63
1095,O,2.500,3.500,30.000,63
1096,O,2.500,3.500,30.000,62
1097,O,2.500,3.500,30.000,57
1098,O,2.500,3.500,30.000,67
1099,O,2.500,3.500,30.000,56
1100,O,2.500,3.500,30.000,69
1101,O,2.500,3.500,30.000,52
1102,O,2.500,3.500,30.000,55
1103,O,2.500,3.500,30.000,53
1104,O,2.500,3.500,30.000,41
1105,O,2.500,3.500,30.000,67
1106,O,2.500,3.500,30.000,57
1107,O,2.500,3.500,30.000,61
1108,O,2.500,3.500,30.000,57
1109,O,2.500,3.500,30.000,51
1110,O,2.500,3.500,30.000,68
1111,O,2.500,3.500,30.000,58
1112,O,2.500,3.500,30.000,75
1113,O,2.500,3.500,30.000,52
1114,O,2.500,3.500,30.000,56
1115,O,2.500,3.500,30.000,65
1116,O,2.500,3.500,30.000,58
1117,O,2.500,3.500,30.000,65
1118,O,2.500,3.500,30.000,56
1119,O,2.500,3.500,30.000,55
1120,O,2.500,3.500,30.000,64
1121,O,2.500,3.500,30.000,58
1122,O,2.500,3.500,30.000,61
1123,O,2.500,3.500,30.000,49
1124,O,2.500,3.500,30.000,53
1125,O,2.500,3.500,30.000,62
1126,O,2.500,3.500,30.000,54
1127,O,2.500,3.500,30.000,61
1128,O,2.500,3.500,30.000,54
1129,O,2.500,3.500,30.000,60
1130,O,2.500,3.500,30.000,56
1131,O,2.500,3.500,30.000,53
1132,O,2.500,3.500,30.000,59
1133,O,2.500,3.500,30.000,65
1134,O,2.500,3.500,30.000,56
1135,O,2.500,3.500,30.000,54
1136,O,2.500,3.500,30.000,68
1137,O,2.500,3.500,30.000,65
1138,O,2.500,3.500,30.000,58
1139,O,2.500,3.500,30.000,55
1140,O,2.500,3.500,30.000,71
1141,O,2.500,3.500,30.000,65
1142,O,2.500,3.500,30.000,53
1143,O,2.500,3.500,30.000,57
1144,O,2.500,3.500,30.000,59
1145,O,2.500,3.500,30.000,55
1146,O,2.500,3.500,30.000,65
1147,O,2.500,3.500,30.000,66
1148,O,2.500,3.500,30.000,61
1149,O,2.500,3.500,30.000,67
1150,O,2.500,3.500,30.000,59
1151,O,2.500,3.500,30.000,73
1152,O,2.500,3.500,30.000,62
1153,O,2.500,3.500,30.000,61
1154,O,2.500,3.500,30.000,69
1155,O,2.500,3.500,30.000,47
1156,O,2.500,3.500,30.000,62
1157,O,2.500,3.500,30.000,59
1158,O,2.500,3.500,30.000,54
1159,O,2.500,3.500,30.000,58
1160,O,2.500,3.500,30.000,60
1161,O,2.500,3.500,30.000,61
1162,O,2.500,3.500,30.000,60
1163,O,2.500,3.500,30.000,61
1164,O,2.500,3.500,30.000,64
1165,O,2.500,3.500,30.000,59
1166,O,2.500,3.500,30.000,54
1167,O,2.500,3.500,30.000,61
1168,O,2.500,3.500,30.000,57
1169,O,2.500,3.500,30.000,61
1170,O,2.500,3.500,30.000,60
1171,O,2.500,3.500,30.000,66
1172,O,2.500,3.500,30.000,63
1173,O,2.500,3.500,30.000,67
1174,O,2.500,3.500,30.000,68
1175,O,2.500,3.500,30.000,68
1176,O,2.500,3.500,30.000,65
1177,O,2.500,3.500,30.000,68
1178,O,2.500,3.500,30.000,68
1179,O,2.500,3.500,30.000,65
1180,O,2.500,3.500,30.000,63
1181,O,2.500,3.500,30.000,71
1182,O,2.500,3.500,30.000,61
1183,O,2.500,3.500,30.000,71
1184,O,2.500,3.500,30.000,58
1185,O,2.500,3.500,30.000,75
1186,O,2.500,3.500,30.000,68
1187,O,2.500,3.500,30.000,70
1188,O,2.500,3.500,30.000,70
1189,O,2.500,3.500,30.000,62
1190,O,2.500,3.500,30.000,69
1191,O,2.500,3.500,30.000,60
1192,O,2.500,3.500,30.000,69
1193,O,2.500,3.500,30.000,80
1194,O,2.500,3.500,30.000,68
1195,O,2.500,3.500,30.000,65
1196,O,2.500,3.500,30.000,60
1197,O,2.500,3.500,30.000,75
1198,O,2.500,3.500,30.000,66
1199,O,2.500,3.500,30.000,66
1200,O,2.500,3.500,30.000,68
1201,O,2.500,3.500,30.000,58
1202,O,2.500,3.500,30.000,68
1203,O,2.500,3.500,30.000,64
1204,O,2.500,3.500,30.000,62
1205,O,2.500,3.500,30.000,78
1206,O,2.500,3.500,30.000,61
1207,O,2.500,3.500,30.000,59
1208,O,2.500,3.500,30.000,74
1209,O,2.500,3.500,30.000,63
1210,O,2.500,3.500,30.000,65
1211,O,2.500,3.500,30.000,67
1212,O,2.500,3.500,30.000,58
1213,O,2.500,3.500,30.000,55
1214,O,2.500,3.500,30.000,63
1215,O,2.500,3.500,30.000,59
1216,O,2.500,3.500,30.000,60
1217,O,2.500,3.500,30.000,57
1218,O,2.500,3.500,30.000,62
1219,O,2.500,3.500,30.000,68
1220,O,2.500,3.500,30.000,54
1221,O,2.500,3.500,30.000,59
1222,O,2.500,3.500,30.000,65
1223,O,2.500,3.500,30.000,81
1224,O,2.500,3.500,30.000,70
1225,O,2.500,3.500,30.000,53
1226,O,2.500,3.500,30.000,67
1227,O,2.500,3.500,30.000,78
1228,O,2.500,3.500,30.000,74
1229,O,2.500,3.500,30.000,69
1230,O,2.500,3.500,30.000,57
1231,O,2.500,3.500,30.000,60
1232,O,2.500,3.500,30.000,64
1233,O,2.500,3.500,30.000,66
1234,O,2.500,3.500,30.000,71
1235,O,2.500,3.500,30.000,70
1236,O,2.500,3.500,30.000,72
1237,O,2.500,3.500,30.000,79
1238,O,2.500,3.500,30.000,72
1239,O,2.500,3.500,30.000,61
1240,O,2.500,3.500,30.000,71
1241,O,2.500,3.500,30.000,63
1242,O,2.500,3.500,30.000,75
1243,O,2.500,3.500,30.000,68
1244,O,2.500,3.500,30.000,64
1245,O,2.500,3.500,30.000,76
1246,O,2.500,3.500,30.000,65
1247,O,2.500,3.500,30.000,65
1248,O,2.500,3.500,30.000,76
1249,O,2.500,3.500,30.000,62
1250,O,2.500,3.500,30.000,61
1251,O,2.500,3.500,30.000,66
1252,O,2.500,3.500,30.000,68
1253,O,2.500,3.500,30.000,62
1254,O,2.500,3.500,30.000,69
1255,O,2.500,3.500,30.000,71
1256,O,2.500,3.500,30.000,74
1257,O,2.500,3.500,30.000,59
1258,O,2.500,3.500,30.000,69
1259,O,2.500,3.500,30.000,61
1260,O,2.500,3.500,30.000,66
1261,O,2.500,3.500,30.000,67
1262,O,2.500,3.500,30.000,69
1263,O,2.500,3.500,30.000,65
1264,O,2.500,3.500,30.000,70
1265,O,2.500,3.500,30.000,59
1266,O,2.500,3.500,30.000,64
1267,O,2.500,3.500,30.000,61
1268,O,2.500,3.500,30.000,78
1269,O,2.500,3.500,30.000,68
1270,O,2.500,3.500,30.000,78
1271,O,2.500,3.500,30.000,65
1272,O,2.500,3.500,30.000,68
1273,O,2.500,3.500,30.000,62
1274,O,2.500,3.500,30.000,57
1275,O,2.500,3.500,30.000,60
1276,O,2.500,3.500,30.000,59
1277,O,2.500,3.500,30.000,71
1278,O,2.500,3.500,30.000,70
1279,O,2.500,3.500,30.000,66
1280,O,2.500,3.500,30.000,70
1281,O,2.500,3.500,30.000,64
1282,O,2.500,3.500,30.000,44
1283,O,2.500,3.500,30.000,62
1284,O,2.500,3.500,30.000,65
1285,O,2.500,3.500,30.000,74
1286,O,2.500,3.500,30.000,77
1287,O,2.500,3.500,30.000,76
1288,O,2.500,3.500,30.000,76
1289,O,2.500,3.500,30.000,71
1290,O,2.500,3.500,30.000,67
1291,O,2.500,3.500,30.000,61
1292,O,2.500,3.500,30.000,67
1293,O,2.500,3.500,30.000,67
1294,O,2.500,3.500,30.000,64
1295,O,2.500,3.500,30.000,72
1296,O,2.500,3.500,30.000,72
1297,O,2.500,3.500,30.000,78
1298,O,2.500,3.500,30.000,71
1299,O,2.500,3.500,30.000,76
1300,O,2.500,3.500,30.000,69
1301,O,2.500,3.500,30.000,80
1302,O,2.500,3.500,30.000,79
1303,O,2.500,3.500,30.000,64
1304,O,2.500,3.500,30.000,66
1305,O,2.500,3.500,30.000,63
1306,O,2.500,3.500,30.000,60
1307,O,2.500,3.500,30.000,67
1308,O,2.500,3.500,30.000,74
1309,O,2.500,3.500,30.000,59
1310,O,2.500,3.500,30.000,64
1311,O,2.500,3.500,30.000,77
1312,O,2.500,3.500,30.000,61
1313,O,2.500,3.500,30.000,69
1314,O,2.500,3.500,30.000,69
1315,O,2.500,3.500,30.000,72
1316,O,2.500,3.500,30.000,71
1317,O,2.500,3.500,30.000,57
1318,O,2.500,3.500,30.000,66
1319,O,2.500,3.500,30.000,73
1320,O,2.500,3.500,30.000,62
1321,O,2.500,3.500,30.000,53
1322,O,2.500,3.500,30.000,72
1323,O,2.500,3.500,30.000,59
1324,O,2.500,3.500,30.000,74
1325,O,2.500,3.500,30.000,72
1326,O,2.500,3.500,30.000,68
1327,O,2.500,3.500,30.000,70
1328,O,2.500,3.500,30.000,63
1329,O,2.500,3.500,30.000,72
1330,O,2.500,3.500,30.000,74
1331,O,2.500,3.500,30.000,72
1332,O,2.500,3.500,30.000,74
1333,O,2.500,3.500,30.000,83
1334,O,2.500,3.500,30.000,81
1335,O,2.500,3.500,30.000,62
1336,O,2.500,3.500,30.000,69
1337,O,2.500,3.500,30.000,63
1338,O,2.500,3.500,30.000,78
1339,O,2.500,3.500,30.000,85
1340,O,2.500,3.500,30.000,70
1341,O,2.500,3.500,30.000,79
1342,O,2.500,3.500,30.000,71
1343,O,2.500,3.500,30.000,70
1344,O,2.500,3.500,30.000,82
1345,O,2.500,3.500,30.000,87
1346,O,2.500,3.500,30.000,81
1347,O,2.500,3.500,30.000,65
1348,O,2.500,3.500,30.000,71
1349,O,2.500,3.500,30.000,72
1350,O,2.500,3.500,30.000,68
1351,O,2.500,3.500,30.000,74
1352,O,2.500,3.500,30.000,65
1353,O,2.500,3.500,30.000,74
1354,O,2.500,3.500,30.000,64
1355,O,2.500,3.500,30.000,74
1356,O,2.500,3.500,30.000,68
1357,O,2.500,3.500,30.000,80
1358,O,2.500,3.500,30.000,65
1359,O,2.500,3.500,30.000,64
1360,O,2.500,3.500,30.000,74
1361,O,2.500,3.500,30.000,71
1362,O,2.500,3.500,30.000,80
1363,O,2.500,3.500,30.000,58
1364,O,2.500,3.500,30.000,72
1365,O,2.500,3.500,30.000,75
1366,O,2.500,3.500,30.000,79
1367,O,2.500,3.500,30.000,81
1368,O,2.500,3.500,30.000,77
1369,O,2.500,3.500,30.000,59
1370,O,2.500,3.500,30.000,72
1371,O,2.500,3.500,30.000,73
1372,O,2.500,3.500,30.000,84
1373,O,2.500,3.500,30.000,80
1374,O,2.500,3.500,30.000,69
1375,O,2.500,3.500,30.000,66
1376,O,2.500,3.500,30.000,69
1377,O,2.500,3.500,30.000,67
1378,O,2.500,3.500,30.000,73
1379,O,2.500,3.500,30.000,75
1380,O,2.500,3.500,30.000,69
1381,O,2.500,3.500,30.000,66
1382,O,2.500,3.500,30.000,72
1383,O,2.500,3.500,30.000,75
1384,O,2.500,3.500,30.000,67
1385,O,2.500,3.500,30.000,73
1386,O,2.500,3.500,30.000,79
1387,O,2.500,3.500,30.000,74
1388,O,2.500,3.500,30.000,81
1389,O,2.500,3.500,30.000,71
1390,O,2.500,3.500,30.000,68
1391,O,2.500,3.500,30.000,91
1392,O,2.500,3.500,30.000,77
1393,O,2.500,3.500,30.000,66
1394,O,2.500,3.500,30.000,78
1395,O,2.500,3.500,30.000,68
1396,O,2.500,3.500,30.000,79
1397,O,2.500,3.500,30.000,71
1398,O,2.500,3.500,30.000,74
1399,O,2.500,3.500,30.000,64
1400,O,2.500,3.500,30.000,62
1401,O,2.500,3.500,30.000,80
1402,O,2.500,3.500,30.000,64
1403,O,2.500,3.500,30.000,71
1404,O,2.500,3.500,30.000,87
1405,O,2.500,3.500,30.000,78
1406,O,2.500,3.500,30.000,66
1407,O,2.500,3.500,30.000,72
1408,O,2.500,3.500,30.000,67
1409,O,2.500,3.500,30.000,75
1410,O,2.500,3.500,30.000,67
1411,O,2.500,3.500,30.000,80
1412,O,2.500,3.500,30.000,63
1413,O,2.500,3.500,30.000,78
1414,O,2.500,3.500,30.000,65
1415,O,2.500,3.500,30.000,79
1416,O,2.500,3.500,30.000,69
1417,O,2.500,3.500,30.000,66
1418,O,2.500,3.500,30.000,84
1419,O,2.500,3.500,30.000,79
1420,O,2.500,3.500,30.000,85
1421,O,2.500,3.500,30.000,86
1422,O,2.500,3.500,30.000,89
1423,O,2.500,3.500,30.000,69
1424,O,2.500,3.500,30.000,63
1425,O,2.500,3.500,30.000,75
1426,O,2.500,3.500,30.000,92
1427,O,2.500,3.500,30.000,84
1428,O,2.500,3.500,30.000,73
1429,O,2.500,3.500,30.000,80
1430,O,2.500,3.500,30.000,91
1431,O,2.500,3.500,30.000,88
1432,O,2.500,3.500,30.000,81
1433,O,2.500,3.500,30.000,72
1434,O,2.500,3.500,30.000,71
1435,O,2.500,3.500,30.000,87
1436,O,2.500,3.500,30.000,73
1437,O,2.500,3.500,30.000,76
1438,O,2.500,3.500,30.000,70
1439,O,2.500,3.500,30.000,84
1440,O,2.500,3.500,30.000,66
1441,O,2.500,3.500,30.000,63
1442,O,2.500,3.500,30.000,81
1443,O,2.500,3.500,30.000,70
1444,O,2.500,3.500,30.000,78
1445,O,2.500,3.500,30.000,79
1446,O,2.500,3.500,30.000,65
1447,O,2.500,3.500,30.000,83
1448,O,2.500,3.500,30.000,75
1449,O,2.500,3.500,30.000,83
1450,O,2.500,3.500,30.000,74
1451,O,2.500,3.500,30.000,80
1452,O,2.500,3.500,30.000,80
1453,O,2.500,3.500,30.000,67
1454,O,2.500,3.500,30.000,84
1455,O,2.500,3.500,30.000,72
1456,O,2.500,3.500,30.000,69
1457,O,2.500,3.500,30.000,82
1458,O,2.500,3.500,30.000,73
1459,O,2.500,3.500,30.000,79
1460,O,2.500,3.500,30.000,75
1461,O,2.500,3.500,30.000,77
1462,O,2.500,3.500,30.000,75
1463,O,2.500,3.500,30.000,84
1464,O,2.500,3.500,30.000,84
1465,O,2.500,3.500,30.000,82
1466,O,2.500,3.500,30.000,73
1467,O,2.500,3.500,30.000,83
1468,O,2.500,3.500,30.000,80
1469,O,2.500,3.500,30.000,71
1470,O,2.500,3.500,30.000,84
1471,O,2.500,3.500,30.000,85
1472,O,2.500,3.500,30.000,74
1473,O,2.500,3.500,30.000,78
1474,O,2.500,3.500,30.000,70
1475,O,2.500,3.500,30.000,88
1476,O,2.500,3.500,30.000,77
1477,O,2.500,3.500,30.000,79
1478,O,2.500,3.500,30.000,74
1479,O,2.500,3.500,30.000,83
1480,O,2.500,3.500,30.000,76
1481,O,2.500,3.500,30.000,85
1482,O,2.500,3.500,30.000,85
1483,O,2.500,3.500,30.000,83
1484,O,2.500,3.500,30.000,73
1485,O,2.500,3.500,30.000,78
1486,O,2.500,3.500,30.000,76
1487,O,2.500,3.500,30.000,79
1488,O,2.500,3.500,30.000,80
1489,O,2.500,3.500,30.000,89
1490,O,2.500,3.500,30.000,72
1491,O,2.500,3.500,30.000,72
1492,O,2.500,3.500,30.000,83
1493,O,2.500,3.500,30.000,95
1494,O,2.500,3.500,30.000,85
1495,O,2.500,3.500,30.000,82
1496,O,2.500,3.500,30.000,82
1497,O,2.500,3.500,30.000,83
1498,O,2.500,3.500,30.000,86
1499,O,2.500,3.500,30.000,67
1500,O,2.500,3.500,30.000,82
1501,O,2.500,3.500,30.000,88
1502,O,2.500,3.500,30.000,85
1503,O,2.500,3.500,30.000,85
1504,O,2.500,3.500,30.000,74
1505,O,2.500,3.500,30.000,85
1506,O,2.500,3.500,30.000,79
1507,O,2.500,3.500,30.000,82
1508,O,2.500,3.500,30.000,85
1509,O,2.500,3.500,30.000,89
1510,O,2.500,3.500,30.000,75
1511,O,2.500,3.500,30.000,72
1512,O,2.500,3.500,30.000,86
1513,O,2.500,3.500,30.000,79
1514,O,2.500,3.500,30.000,74
1515,O,2.500,3.500,30.000,70
1516,O,2.500,3.500,30.000,76
1517,O,2.500,3.500,30.000,93
1518,O,2.500,3.500,30.000,82
1519,O,2.500,3.500,30.000,81
1520,O,2.500,3.500,30.000,75
1521,O,2.500,3.500,30.000,69
1522,O,2.500,3.500,30.000,73
1523,O,2.500,3.500,30.000,76
1524,O,2.500,3.500,30.000,72
1525,O,2.500,3.500,30.000,85
1526,O,2.500,3.500,30.000,68
1527,O,2.500,3.500,30.000,79
1528,O,2.500,3.500,30.000,77
1529,O,2.500,3.500,30.000,80
1530,O,2.500,3.500,30.000,77
1531,O,2.500,3.500,30.000,90
1532,O,2.500,3.500,30.000,81
1533,O,2.500,3.500,30.000,83
1534,O,2.500,3.500,30.000,82
1535,O,2.500,3.500,30.000,92
1536,O,2.500,3.500,30.000,78
1537,O,2.500,3.500,30.000,73
1538,O,2.500,3.500,30.000,78
1539,O,2.500,3.500,30.000,85
1540,O,2.500,3.500,30.000,80
1541,O,2.500,3.500,30.000,74
1542,O,2.500,3.500,30.000,79
1543,O,2.500,3.500,30.000,79
1544,O,2.500,3.500,30.000,83
1545,O,2.500,3.500,30.000,77
1546,O,2.500,3.500,30.000,100
1547,O,2.500,3.500,30.000,84
1548,O,2.500,3.500,30.000,91
1549,O,2.500,3.500,30.000,82
1550,O,2.500,3.500,30.000,79
1551,O,2.500,3.500,30.000,85
1552,O,2.500,3.500,30.000,77
1553,O,2.500,3.500,30.000,80
1554,O,2.500,3.500,30.000,79
1555,O,2.500,3.500,30.000,83
1556,O,2.500,3.500,30.000,93
1557,O,2.500,3.500,30.000,80
1558,O,2.500,3.500,30.000,74
1559,O,2.500,3.500,30.000,81
1560,O,2.500,3.500,30.000,85
1561,O,2.500,3.500,30.000,77
1562,O,2.500,3.500,30.000,77
1563,O,2.500,3.500,30.000,84
1564,O,2.500,3.500,30.000,87
1565,O,2.500,3.500,30.000,92
1566,O,2.500,3.500,30.000,84
1567,O,2.500,3.500,30.000,87
1568,O,2.500,3.500,30.000,83
1569,O,2.500,3.500,30.000,85
1570,O,2.500,3.500,30.000,83
1571,O,2.500,3.500,30.000,77
1572,O,2.500,3.500,30.000,76
1573,O,2.500,3.500,30.000,77
1574,O,2.500,3.500,30.000,80
1575,O,2.500,3.500,30.000,78
1576,O,2.500,3.500,30.000,84
1577,O,2.500,3.500,30.000,88
1578,O,2.500,3.500,30.000,79
1579,O,2.500,3.500,30.000,82
1580,O,2.500,3.500,30.000,96
1581,O,2.500,3.500,30.000,79
1582,O,2.500,3.500,30.000,88
1583,O,2.500,3.500,30.000,91
1584,O,2.500,3.500,30.000,79
1585,O,2.500,3.500,30.000,89
1586,O,2.500,3.500,30.000,90
1587,O,2.500,3.500,30.000,78
1588,O,2.500,3.500,30.000,85
1589,O,2.500,3.500,30.000,88
1590,O,2.500,3.500,30.000,83
1591,O,2.500,3.500,30.000,86
1592,O,2.500,3.500,30.000,83
1593,O,2.500,3.500,30.000,93
1594,O,2.500,3.500,30.000,77
1595,O,2.500,3.500,30.000,78
1596,O,2.500,3.500,30.000,82
1597,O,2.500,3.500,30.000,75
1598,O,2.500,3.500,30.000,76
1599,O,2.500,3.500,30.000,77
1600,O,2.500,3.500,30.000,80
1601,O,2.500,3.500,30.000,85
1602,O,2.500,3.500,30.000,82
1603,O,2.500,3.500,30.000,77
1604,O,2.500,3.500,30.000,89
1605,O,2.500,3.500,30.000,77
1606,O,2.500,3.500,30.000,89
1607,O,2.500,3.500,30.000,91
1608,O,2.500,3.500,30.000,86
1609,O,2.500,3.500,30.000,82
1610,O,2.500,3.500,30.000,85
1611,O,2.500,3.500,30.000,94
1612,O,2.500,3.500,30.000,83
1613,O,2.500,3.500,30.000,89
1614,O,2.500,3.500,30.000,79
1615,O,2.500,3.500,30.000,83
1616,O,2.500,3.500,30.000,87
1617,O,2.500,3.500,30.000,81
1618,O,2.500,3.500,30.000,97
1619,O,2.500,3.500,30.000,97
1620,O,2.500,3.500,30.000,84
1621,O,2.500,3.500,30.000,93
1622,O,2.500,3.500,30.000,98
1623,O,2.500,3.500,30.000,86
1624,O,2.500,3.500,30.000,92
1625,O,2.500,3.500,30.000,82
1626,O,2.500,3.500,30.000,89
1627,O,2.500,3.500,30.000,86
1628,O,2.500,3.500,30.000,84
1629,O,2.500,3.500,30.000,95
1630,O,2.500,3.500,30.000,84
1631,O,2.500,3.500,30.000,86
1632,O,2.500,3.500,30.000,82
1633,O,2.500,3.500,30.000,96
1634,O,2.500,3.500,30.000,94
1635,O,2.500,3.500,30.000,84
1636,O,2.500,3.500,30.000,95
1637,O,2.500,3.500,30.000,97
1638,O,2.500,3.500,30.000,87
1639,O,2.500,3.500,30.000,94
1640,O,2.500,3.500,30.000,82
1641,O,2.500,3.500,30.000,85
1642,O,2.500,3.500,30.000,94
1643,O,2.500,3.500,30.000,85
1644,O,2.500,3.500,30.000,97
1645,O,2.500,3.500,30.000,87
1646,O,2.500,3.500,30.000,82
1647,O,2.500,3.500,30.000,73
1648,O,2.500,3.500,30.000,92
1649,O,2.500,3.500,30.000,90
1650,O,2.500,3.500,30.000,87
1651,O,2.500,3.500,30.000,94
1652,O,2.500,3.500,30.000,79
1653,O,2.500,3.500,30.000,90
1654,O,2.500,3.500,30.000,82
1655,O,2.500,3.500,30.000,85
1656,O,2.500,3.500,30.000,82
1657,O,2.500,3.500,30.000,83
1658,O,2.500,3.500,30.000,88
1659,O,2.500,3.500,30.000,79
1660,O,2.500,3.500,30.000,64
1661,O,2.500,3.500,30.000,79
1662,O,2.500,3.500,30.000,90
1663,O,2.500,3.500,30.000,83
1664,O,2.500,3.500,30.000,83
1665,O,2.500,3.500,30.000,90
1666,O,2.500,3.500,30.000,92
1667,O,2.500,3.500,30.000,89
1668,O,2.500,3.500,30.000,93
1669,O,2.500,3.500,30.000,90
1670,O,2.500,3.500,30.000,91
1671,O,2.500,3.500,30.000,89
1672,O,2.500,3.500,30.000,86
1673,O,2.500,3.500,30.000,99
1674,O,2.500,3.500,30.000,90
1675,O,2.500,3.500,30.000,90
1676,O,2.500,3.500,30.000,86
1677,O,2.500,3.500,30.000,89
1678,O,2.500,3.500,30.000,86
1679,O,2.500,3.500,30.000,81
1680,O,2.500,3.500,30.000,89
1681,O,2.500,3.500,30.000,93
1682,O,2.500,3.500,30.000,86
1683,O,2.500,3.500,30.000,86
1684,O,2.500,3.500,30.000,85
1685,O,2.500,3.500,30.000,99
1686,O,2.500,3.500,30.000,98
1687,O,2.500,3.500,30.000,88
1688,O,2.500,3.500,30.000,82
1689,O,2.500,3.500,30.000,91
1690,O,2.500,3.500,30.000,80
1691,O,2.500,3.500,30.000,97
1692,O,2.500,3.500,30.000,85
1693,O,2.500,3.500,30.000,94
1694,O,2.500,3.500,30.000,83
1695,O,2.500,3.500,30.000,93
1696,O,2.500,3.500,30.000,94
1697,O,2.500,3.500,30.000,89
1698,O,2.500,3.500,30.000,89
1699,O,2.500,3.500,30.000,98
1700,O,2.500,3.500,30.000,90
1701,O,2.500,3.500,30.000,92
1702,O,2.500,3.500,30.000,84
1703,O,2.500,3.500,30.000,92
1704,O,2.500,3.500,30.000,91
1705,O,2.500,3.500,30.000,97
1706,O,2.500,3.500,30.000,102
1707,O,2.500,3.500,30.000,96
1708,O,2.500,3.500,30.000,95
1709,O,2.500,3.500,30.000,102
1710,O,2.500,3.500,30.000,96
1711,O,2.500,3.500,30.000,88
1712,O,2.500,3.500,30.000,82
1713,O,2.500,3.500,30.000,92
1714,O,2.500,3.500,30.000,94
1715,O,2.500,3.500,30.000,76
1716,O,2.500,3.500,30.000,87
1717,O,2.500,3.500,30.000,77
1718,O,2.500,3.500,30.000,93
1719,O,2.500,3.500,30.000,81
1720,O,2.500,3.500,30.000,89
1721,O,2.500,3.500,30.000,95
1722,O,2.500,3.500,30.000,91
1723,O,2.500,3.500,30.000,90
1724,O,2.500,3.500,30.000,93
1725,O,2.500,3.500,30.000,80
1726,O,2.500,3.500,30.000,96
1727,O,2.500,3.500,30.000,91
1728,O,2.500,3.500,30.000,78
1729,O,2.500,3.500,30.000,85
1730,O,2.500,3.500,30.000,88
1731,O,2.500,3.500,30.000,90
1732,O,2.500,3.500,30.000,89
1733,O,2.500,3.500,30.000,83
1734,O,2.500,3.500,30.000,96
1735,O,2.500,3.500,30.000,89
1736,O,2.500,3.500,30.000,84
1737,O,2.500,3.500,30.000,86
1738,O,2.500,3.500,30.000,91
1739,O,2.500,3.500,30.000,84
1740,O,2.500,3.500,30.000,91
1741,O,2.500,3.500,30.000,94
1742,O,2.500,3.500,30.000,88
1743,O,2.500,3.500,30.000,90
1744,O,2.500,3.500,30.000,95
1745,O,2.500,3.500,30.000,90
1746,O,2.500,3.500,30.000,78
1747,O,2.500,3.500,30.000,76
1748,O,2.500,3.500,30.000,81
1749,O,2.500,3.500,30.000,83
1750,O,2.500,3.500,30.000,97
1751,O,2.500,3.500,30.000,100
1752,O,2.500,3.500,30.000,90
1753,O,2.500,3.500,30.000,92
1754,O,2.500,3.500,30.000,86
1755,O,2.500,3.500,30.000,94
1756,O,2.500,3.500,30.000,80
1757,O,2.500,3.500,30.000,92
1758,O,2.500,3.500,30.000,86
1759,O,2.500,3.500,30.000,92
1760,O,2.500,3.500,30.000,90
1761,O,2.500,3.500,30.000,76
1762,O,2.500,3.500,30.000,93
1763,O,2.500,3.500,30.000,98
1764,O,2.500,3.500,30.000,91
1765,O,2.500,3.500,30.000,86
1766,O,2.500,3.500,30.000,87
1767,O,2.500,3.500,30.000,99
1768,O,2.500,3.500,30.000,82
1769,O,2.500,3.500,30.000,99
1770,O,2.500,3.500,30.000,103
1771,O,2.500,3.500,30.000,93
1772,O,2.500,3.500,30.000,87
1773,O,2.500,3.500,30.000,87
1774,O,2.500,3.500,30.000,92
1775,O,2.500,3.500,30.000,85
1776,O,2.500,3.500,30.000,87
1777,O,2.500,3.500,30.000,89
1778,O,2.500,3.500,30.000,93
1779,O,2.500,3.500,30.000,96
1780,O,2.500,3.500,30.000,94
1781,O,2.500,3.500,30.000,98
1782,O,2.500,3.500,30.000,82
1783,O,2.500,3.500,30.000,95
1784,O,2.500,3.500,30.000,104
1785,O,2.500,3.500,30.000,88
1786,O,2.500,3.500,30.000,106
1787,O,2.500,3.500,30.000,83
1788,O,2.500,3.500,30.000,85
1789,O,2.500,3.500,30.000,105
1790,O,2.500,3.500,30.000,106
1791,O,2.500,3.500,30.000,98
1792,O,2.500,3.500,30.000,93
1793,O,2.500,3.500,30.000,97
1794,O,2.500,3.500,30.000,97
1795,O,2.500,3.500,30.000,103
1796,O,2.500,3.500,30.000,104
1797,O,2.500,3.500,30.000,102
1798,O,2.500,3.500,30.000,93
1799,O,2.500,3.500,30.000,97
1800,O,2.500,3.500,30.000,98
1801,O,2.500,3.500,30.000,105
1802,O,2.500,3.500,30.000,97
1803,O,2.500,3.500,30.000,88
1804,O,2.500,3.500,30.000,93
1805,O,2.500,3.500,30.000,102
1806,O,2.500,3.500,30.000,103
1807,O,2.500,3.500,30.000,100
1808,O,2.500,3.500,30.000,97
1809,O,2.500,3.500,30.000,95
1810,O,2.500,3.500,30.000,97
1811,O,2.500,3.500,30.000,95
1812,O,2.500,3.500,30.000,94
1813,O,2.500,3.500,30.000,93
1814,O,2.500,3.500,30.000,87
1815,O,2.500,3.500,30.000,95
1816,O,2.500,3.500,30.000,96
1817,O,2.500,3.500,30.000,105
1818,O,2.500,3.500,30.000,101
1819,O,2.500,3.500,30.000,89
1820,O,2.500,3.500,30.000,93
1821,O,2.500,3.500,30.000,100
1822,O,2.500,3.500,30.000,92
1823,O,2.500,3.500,30.000,87
1824,O,2.500,3.500,30.000,90
1825,O,2.500,3.500,30.000,93
1826,O,2.500,3.500,30.000,96
1827,O,2.500,3.500,30.000,97
1828,O,2.500,3.500,30.000,93
1829,O,2.500,3.500,30.000,105
1830,O,2.500,3.500,30.000,100
1831,O,2.500,3.500,30.000,99
1832,O,2.500,3.500,30.000,85
1833,O,2.500,3.500,30.000,95
1834,O,2.500,3.500,30.000,107
1835,O,2.500,3.500,30.000,108
1836,O,2.500,3.500,30.000,92
1837,O,2.500,3.500,30.000,93
1838,O,2.500,3.500,30.000,93
1839,O,2.500,3.500,30.000,97
1840,O,2.500,3.500,30.000,100
1841,O,2.500,3.500,30.000,99
1842,O,2.500,3.500,30.000,99
1843,O,2.500,3.500,30.000,96
1844,O,2.500,3.500,30.000,109
1845,O,2.500,3.500,30.000,93
1846,O,2.500,3.500,30.000,113
1847,O,2.500,3.500,30.000,94
1848,O,2.500,3.500,30.000,94
1849,O,2.500,3.500,30.000,91
1850,O,2.500,3.500,30.000,86
1851,O,2.500,3.500,30.000,89
1852,O,2.500,3.500,30.000,102
1853,O,2.500,3.500,30.000,92
1854,O,2.500,3.500,30.000,89
1855,O,2.500,3.500,30.000,94
1856,O,2.500,3.500,30.000,97
1857,O,2.500,3.500,30.000,94
1858,O,2.500,3.500,30.000,105
1859,O,2.500,3.500,30.000,113
1860,O,2.500,3.500,30.000,95
1861,O,2.500,3.500,30.000,92
1862,O,2.500,3.500,30.000,93
1863,O,2.500,3.500,30.000,95
1864,O,2.500,3.500,30.000,95
1865,O,2.500,3.500,30.000,103
1866,O,2.500,3.500,30.000,97
1867,O,2.500,3.500,30.000,100
1868,O,2.500,3.500,30.000,102
1869,O,2.500,3.500,30.000,93
1870,O,2.500,3.500,30.000,101
1871,O,2.500,3.500,30.000,82
1872,O,2.500,3.500,30.000,100
1873,O,2.500,3.500,30.000,96
1874,O,2.500,3.500,30.000,101
1875,O,2.500,3.500,30.000,91
1876,O,2.500,3.500,30.000,112
1877,O,2.500,3.500,30.000,98
1878,O,2.500,3.500,30.000,94
1879,O,2.500,3.500,30.000,89
1880,O,2.500,3.500,30.000,94
1881,O,2.500,3.500,30.000,99
1882,O,2.500,3.500,30.000,89
1883,O,2.500,3.500,30.000,92
1884,O,2.500,3.500,30.000,96
1885,O,2.500,3.500,30.000,102
1886,O,2.500,3.500,30.000,87
1887,O,2.500,3.500,30.000,100
1888,O,2.500,3.500,30.000,89
1889,O,2.500,3.500,30.000,92
1890,O,2.500,3.500,30.000,100
1891,O,2.500,3.500,30.000,92
1892,O,2.500,3.500,30.000,102
1893,O,2.500,3.500,30.000,105
1894,O,2.500,3.500,30.000,91
1895,O,2.500,3.500,30.000,95
1896,O,2.500,3.500,30.000,97
1897,O,2.500,3.500,30.000,97
1898,O,2.500,3.500,30.000,95
1899,O,2.500,3.500,30.000,110
1900,O,2.500,3.500,30.000,98
1901,O,2.500,3.500,30.000,99
1902,O,2.500,3.500,30.000,105
1903,O,2.500,3.500,30.000,95
1904,O,2.500,3.500,30.000,96
1905,O,2.500,3.500,30.000,98
1906,O,2.500,3.500,30.000,103
1907,O,2.500,3.500,30.000,94
1908,O,2.500,3.500,30.000,97
1909,O,2.500,3.500,30.000,114
1910,O,2.500,3.500,30.000,98
1911,O,2.500,3.500,30.000,95
1912,O,2.500,3.500,30.000,101
1913,O,2.500,3.500,30.000,83
1914,O,2.500,3.500,30.000,102
1915,O,2.500,3.500,30.000,95
1916,O,2.500,3.500,30.000,94
1917,O,2.500,3.500,30.000,88
1918,O,2.500,3.500,30.000,87
1919,O,2.500,3.500,30.000,105
1920,O,2.500,3.500,30.000,105
1921,O,2.500,3.500,30.000,98
1922,O,2.500,3.500,30.000,85
1923,O,2.500,3.500,30.000,93
1924,O,2.500,3.500,30.000,100
1925,O,2.500,3.500,30.000,97
1926,O,2.500,3.500,30.000,90
1927,O,2.500,3.500,30.000,95
1928,O,2.500,3.500,30.000,93
1929,O,2.500,3.500,30.000,91
1930,O,2.500,3.500,30.000,95
1931,O,2.500,3.500,30.000,95
1932,O,2.500,3.500,30.000,98
1933,O,2.500,3.500,30.000,102
1934,O,2.500,3.500,30.000,106
1935,O,2.500,3.500,30.000,104
1936,O,2.500,3.500,30.000,90
1937,O,2.500,3.500,30.000,106
1938,O,2.500,3.500,30.000,114
1939,O,2.500,3.500,30.000,109
1940,O,2.500,3.500,30.000,105
1941,O,2.500,3.500,30.000,116
1942,O,2.500,3.500,30.000,97
1943,O,2.500,3.500,30.000,100
1944,O,2.500,3.500,30.000,91
1945,O,2.500,3.500,30.000,96
1946,O,2.500,3.500,30.000,91
1947,O,2.500,3.500,30.000,87
1948,O,2.500,3.500,30.000,96
1949,O,2.500,3.500,30.000,98
1950,O,2.500,3.500,30.000,94
1951,O,2.500,3.500,30.000,91
1952,O,2.500,3.500,30.000,97
1953,O,2.500,3.500,30.000,98
1954,O,2.500,3.500,30.000,108
1955,O,2.500,3.500,30.000,110
1956,O,2.500,3.500,30.000,103
1957,O,2.500,3.500,30.000,112
1958,O,2.500,3.500,30.000,115
1959,O,2.500,3.500,30.000,101
1960,O,2.500,3.500,30.000,91
1961,O,2.500,3.500,30.000,101
1962,O,2.500,3.500,30.000,104
1963,O,2.500,3.500,30.000,109
1964,O,2.500,3.500,30.000,97
1965,O,2.500,3.500,30.000,95
1966,O,2.500,3.500,30.000,103
1967,O,2.500,3.500,30.000,111
1968,O,2.500,3.500,30.000,108
1969,O,2.500,3.500,30.000,115
1970,O,2.500,3.500,30.000,104
1971,O,2.500,3.500,30.000,103
1972,O,2.500,3.500,30.000,110
1973,O,2.500,3.500,30.000,97
1974,O,2.500,3.500,30.000,101
1975,O,2.500,3.500,30.000,97
1976,O,2.500,3.500,30.000,107
1977,O,2.500,3.500,30.000,97
1978,O,2.500,3.500,30.000,106
1979,O,2.500,3.500,30.000,97
1980,O,2.500,3.500,30.000,99
1981,O,2.500,3.500,30.000,105
1982,O,2.500,3.500,30.000,102
1983,O,2.500,3.500,30.000,102
1984,O,2.500,3.500,30.000,106
1985,O,2.500,3.500,30.000,96
1986,O,2.500,3.500,30.000,99
1987,O,2.500,3.500,30.000,95
1988,O,2.500,3.500,30.000,110
1989,O,2.500,3.500,30.000,98
1990,O,2.500,3.500,30.000,102
1991,O,2.500,3.500,30.000,99
1992,O,2.500,3.500,30.000,107
1993,O,2.500,3.500,30.000,105
1994,O,2.500,3.500,30.000,107
1995,O,2.500,3.500,30.000,90
1996,O,2.500,3.500,30.000,96
1997,O,2.500,3.500,30.000,108
1998,O,2.500,3.500,30.000,117
1999,O,2.500,3.500,30.000,112
2000,O,2.500,3.500,30.000,98
2001,O,2.500,3.500,30.000,107
2002,O,2.500,3.500,30.000,109
2003,O,2.500,3.500,30.000,103
2004,O,2.500,3.500,30.000,113
2005,O,2.500,3.500,30.000,97
2006,O,2.500,3.500,30.000,103
2007,O,2.500,3.500,30.000,104
2008,O,2.500,3.500,30.000,103
2009,O,2.500,3.500,30.000,106
2010,O,2.500,3.500,30.000,99
2011,O,2.500,3.500,30.000,111
2012,O,2.500,3.500,30.000,117
2013,O,2.500,3.500,30.000,106
2014,O,2.500,3.500,30.000,101
2015,O,2.500,3.500,30.000,107
2016,O,2.500,3.500,30.000,113
2017,O,2.500,3.500,30.000,117
2018,O,2.500,3.500,30.000,115
2019,O,2.500,3.500,30.000,104
2020,O,2.500,3.500,30.000,100
2021,O,2.500,3.500,30.000,108
2022,O,2.500,3.500,30.000,104
2023,O,2.500,3.500,30.000,108
2024,O,2.500,3.500,30.000,106
2025,O,2.500,3.500,30.000,113
2026,O,2.500,3.500,30.000,110
2027,O,2.500,3.500,30.000,109
2028,O,2.500,3.500,30.000,100
2029,O,2.500,3.500,30.000,91
2030,O,2.500,3.500,30.000,108
2031,O,2.500,3.500,30.000,103
2032,O,2.500,3.500,30.000,101
2033,O,2.500,3.500,30.000,110
2034,O,2.500,3.500,30.000,95
2035,O,2.500,3.500,30.000,100
2036,O,2.500,3.500,30.000,102
2037,O,2.500,3.500,30.000,100
2038,O,2.500,3.500,30.000,108
2039,O,2.500,3.500,30.000,115
2040,O,2.500,3.500,30.000,103
2041,O,2.500,3.500,30.000,109
2042,O,2.500,3.500,30.000,97
2043,O,2.500,3.500,30.000,102
2044,O,2.500,3.500,30.000,105
2045,O,2.500,3.500,30.000,111
2046,O,2.500,3.500,30.000,98
2047,O,2.500,3.500,30.000,102
2048,O,2.500,3.500,30.000,106
2049,O,2.500,3.500,30.000,112
2050,O,2.500,3.500,30.000,111
2051,O,2.500,3.500,30.000,100
2052,O,2.500,3.500,30.000,114
2053,O,2.500,3.500,30.000,101
2054,O,2.500,3.500,30.000,104
2055,O,2.500,3.500,30.000,118
2056,O,2.500,3.500,30.000,110
2057,O,2.500,3.500,30.000,108
2058,O,2.500,3.500,30.000,113
2059,O,2.500,3.500,30.000,102
2060,O,2.500,3.500,30.000,104
2061,O,2.500,3.500,30.000,105
2062,O,2.500,3.500,30.000,113
2063,O,2.500,3.500,30.000,100
2064,O,2.500,3.500,30.000,110
2065,O,2.500,3.500,30.000,102
2066,O,2.500,3.500,30.000,101
2067,O,2.500,3.500,30.000,106
2068,O,2.500,3.500,30.000,100
2069,O,2.500,3.500,30.000,101
2070,O,2.500,3.500,30.000,106
2071,O,2.500,3.500,30.000,105
2072,O,2.500,3.500,30.000,105
2073,O,2.500,3.500,30.000,103
2074,O,2.500,3.500,30.000,105
2075,O,2.500,3.500,30.000,104
2076,O,2.500,3.500,30.000,102
2077,O,2.500,3.500,30.000,106
2078,O,2.500,3.500,30.000,105
2079,O,2.500,3.500,30.000,105
2080,O,2.500,3.500,30.000,104
2081,O,2.500,3.500,30.000,99
2082,O,2.500,3.500,30.000,98
2083,O,2.500,3.500,30.000,106
2084,O,2.500,3.500,30.000,108
2085,O,2.500,3.500,30.000,113
2086,O,2.500,3.500,30.000,105
2087,O,2.500,3.500,30.000,116
2088,O,2.500,3.500,30.000,114
2089,O,2.500,3.500,30.000,107
2090,O,2.500,3.500,30.000,116
2091,O,2.500,3.500,30.000,107
2092,O,2.500,3.500,30.000,113
2093,O,2.500,3.500,30.000,102
2094,O,2.500,3.500,30.000,101
2095,O,2.500,3.500,30.000,119
2096,O,2.500,3.500,30.000,110
2097,O,2.500,3.500,30.000,114
2098,O,2.500,3.500,30.000,99
2099,O,2.500,3.500,30.000,98
2100,O,2.500,3.500,30.000,96
2101,O,2.500,3.500,30.000,107
2102,O,2.500,3.500,30.000,102
2103,O,2.500,3.500,30.000,92
2104,O,2.500,3.500,30.000,97
2105,O,2.500,3.500,30.000,92
2106,O,2.500,3.500,30.000,105
2107,O,2.500,3.500,30.000,110
2108,O,2.500,3.500,30.000,108
2109,O,2.500,3.500,30.000,108
2110,O,2.500,3.500,30.000,103
2111,O,2.500,3.500,30.000,107
2112,O,2.500,3.500,30.000,104
2113,O,2.500,3.500,30.000,118
2114,O,2.500,3.500,30.000,112
2115,O,2.500,3.500,30.000,104
2116,O,2.500,3.500,30.000,105
2117,O,2.500,3.500,30.000,114
2118,O,2.500,3.500,30.000,100
2119,O,2.500,3.500,30.000,105
2120,O,2.500,3.500,30.000,100
2121,O,2.500,3.500,30.000,103
2122,O,2.500,3.500,30.000,106
2123,O,2.500,3.500,30.000,107
2124,O,2.500,3.500,30.000,118
2125,O,2.500,3.500,30.000,104
2126,O,2.500,3.500,30.000,104
2127,O,2.500,3.500,30.000,108
2128,O,2.500,3.500,30.000,103
2129,O,2.500,3.500,30.000,112
2130,O,2.500,3.500,30.000,100
2131,O,2.500,3.500,30.000,123
2132,O,2.500,3.500,30.000,108
2133,O,2.500,3.500,30.000,117
2134,O,2.500,3.500,30.000,112
2135,O,2.500,3.500,30.000,107
2136,O,2.500,3.500,30.000,99
2137,O,2.500,3.500,30.000,113
2138,O,2.500,3.500,30.000,109
2139,O,2.500,3.500,30.000,108
2140,O,2.500,3.500,30.000,120
2141,O,2.500,3.500,30.000,102
2142,O,2.500,3.500,30.000,110
2143,O,2.500,3.500,30.000,101
2144,O,2.500,3.500,30.000,113
2145,O,2.500,3.500,30.000,104
2146,O,2.500,3.500,30.000,118
2147,O,2.500,3.500,30.000,111
2148,O,2.500,3.500,30.000,110
2149,O,2.500,3.500,30.000,111
2150,O,2.500,3.500,30.000,102
2151,O,2.500,3.500,30.000,111
2152,O,2.500,3.500,30.000,107
2153,O,2.500,3.500,30.000,112
2154,O,2.500,3.500,30.000,113
2155,O,2.500,3.500,30.000,108
2156,O,2.500,3.500,30.000,113
2157,O,2.500,3.500,30.000,109
2158,O,2.500,3.500,30.000,107
2159,O,2.500,3.500,30.000,112
2160,O,2.500,3.500,30.000,113
2161,O,2.500,3.500,30.000,108
2162,O,2.500,3.500,30.000,107
2163,O,2.500,3.500,30.000,115
2164,O,2.500,3.500,30.000,112
2165,O,2.500,3.500,30.000,104
2166,O,2.500,3.500,30.000,110
2167,O,2.500,3.500,30.000,125
2168,O,2.500,3.500,30.000,104
2169,O,2.500,3.500,30.000,103
2170,O,2.500,3.500,30.000,113
2171,O,2.500,3.500,30.000,123
2172,O,2.500,3.500,30.000,106
2173,O,2.500,3.500,30.000,110
2174,O,2.500,3.500,30.000,111
2175,O,2.500,3.500,30.000,112
2176,O,2.500,3.500,30.000,107
2177,O,2.500,3.500,30.000,113
2178,O,2.500,3.500,30.000,110
2179,O,2.500,3.500,30.000,101
2180,O,2.500,3.500,30.000,110
2181,O,2.500,3.500,30.000,111
2182,O,2.500,3.500,30.000,110
2183,O,2.500,3.500,30.000,114
2184,O,2.500,3.500,30.000,107
2185,O,2.500,3.500,30.000,106
2186,O,2.500,3.500,30.000,108
2187,O,2.500,3.500,30.000,118
2188,O,2.500,3.500,30.000,111
2189,O,2.500,3.500,30.000,115
2190,O,2.500,3.500,30.000,104
2191,O,2.500,3.500,30.000,120
2192,O,2.500,3.500,30.000,114
2193,O,2.500,3.500,30.000,124
2194,O,2.500,3.500,30.000,114
2195,O,2.500,3.500,30.000,113
2196,O,2.500,3.500,30.000,116
2197,O,2.500,3.500,30.000,109
2198,O,2.500,3.500,30.000,117
2199,O,2.500,3.500,30.000,105
2200,O,2.500,3.500,30.000,115
2201,O,2.500,3.500,30.000,111
2202,O,2.500,3.500,30.000,109
2203,O,2.500,3.500,30.000,114
2204,O,2.500,3.500,30.000,124
2205,O,2.500,3.500,30.000,109
2206,O,2.500,3.500,30.000,112
2207,O,2.500,3.500,30.000,118
2208,O,2.500,3.500,30.000,117
2209,O,2.500,3.500,30.000,114
2210,O,2.500,3.500,30.000,120
2211,O,2.500,3.500,30.000,116
2212,O,2.500,3.500,30.000,110
2213,O,2.500,3.500,30.000,107
2214,O,2.500,3.500,30.000,124
2215,O,2.500,3.500,30.000,114
2216,O,2.500,3.500,30.000,117
2217,O,2.500,3.500,30.000,112
2218,O,2.500,3.500,30.000,122
2219,O,2.500,3.500,30.000,114
2220,O,2.500,3.500,30.000,118
2221,O,2.500,3.500,30.000,119
2222,O,2.500,3.500,30.000,111
2223,O,2.500,3.500,30.000,113
2224,O,2.500,3.500,30.000,109
2225,O,2.500,3.500,30.000,121
2226,O,2.500,3.500,30.000,120
2227,O,2.500,3.500,30.000,121
2228,O,2.500,3.500,30.000,120
2229,O,2.500,3.500,30.000,119
2230,O,2.500,3.500,30.000,119
2231,O,2.500,3.500,30.000,114
2232,O,2.500,3.500,30.000,121
2233,O,2.500,3.500,30.000,117
2234,O,2.500,3.500,30.000,112
2235,O,2.500,3.500,30.000,127
2236,O,2.500,3.500,30.000,122
2237,O,2.500,3.500,30.000,112
2238,O,2.500,3.500,30.000,121
2239,O,2.500,3.500,30.000,119
2240,O,2.500,3.500,30.000,112
2241,O,2.500,3.500,30.000,126
2242,O,2.500,3.500,30.000,111
2243,O,2.500,3.500,30.000,120
2244,O,2.500,3.500,30.000,115
2245,O,2.500,3.500,30.000,106
2246,O,2.500,3.500,30.000,121
2247,O,2.500,3.500,30.000,115
2248,O,2.500,3.500,30.000,116
2249,O,2.500,3.500,30.000,114
2250,O,2.500,3.500,30.000,123
2251,O,2.500,3.500,30.000,124
2252,O,2.500,3.500,30.000,113
2253,O,2.500,3.500,30.000,129
2254,O,2.500,3.500,30.000,123
2255,O,2.500,3.500,30.000,119
2256,O,2.500,3.500,30.000,128
2257,O,2.500,3.500,30.000,115
2258,O,2.500,3.500,30.000,113
2259,O,2.500,3.500,30.000,120
2260,O,2.500,3.500,30.000,118
2261,O,2.500,3.500,30.000,117
2262,O,2.500,3.500,30.000,128
2263,O,2.500,3.500,30.000,114
2264,O,2.500,3.500,30.000,117
2265,O,2.500,3.500,30.000,110
2266,O,2.500,3.500,30.000,128
2267,O,2.500,3.500,30.000,116
2268,O,2.500,3.500,30.000,107
2269,O,2.500,3.500,30.000,108
2270,O,2.500,3.500,30.000,110
2271,O,2.500,3.500,30.000,107
2272,O,2.500,3.500,30.000,114
2273,O,2.500,3.500,30.000,116
2274,O,2.500,3.500,30.000,127
2275,O,2.500,3.500,30.000,113
2276,O,2.500,3.500,30.000,114
2277,O,2.500,3.500,30.000,119
2278,O,2.500,3.500,30.000,111
2279,O,2.500,3.500,30.000,113
2280,O,2.500,3.500,30.000,125
2281,O,2.500,3.500,30.000,129
2282,O,2.500,3.500,30.000,117
2283,O,2.500,3.500,30.000,112
2284,O,2.500,3.500,30.000,118
2285,O,2.500,3.500,30.000,111
2286,O,2.500,3.500,30.000,117
2287,O,2.500,3.500,30.000,121
2288,O,2.500,3.500,30.000,114
2289,O,2.500,3.500,30.000,123
2290,O,2.500,3.500,30.000,117
2291,O,2.500,3.500,30.000,117
2292,O,2.500,3.500,30.000,111
2293,O,2.500,3.500,30.000,117
2294,O,2.500,3.500,30.000,111
2295,O,2.500,3.500,30.000,122
2296,O,2.500,3.500,30.000,118
2297,O,2.500,3.500,30.000,122
2298,O,2.500,3.500,30.000,107
2299,O,2.500,3.500,30.000,119
2300,O,2.500,3.500,30.000,125
2301,O,2.500,3.500,30.000,118
2302,O,2.500,3.500,30.000,108
2303,O,2.500,3.500,30.000,113
2304,O,2.500,3.500,30.000,120
2305,O,2.500,3.500,30.000,117
2306,O,2.500,3.500,30.000,113
2307,O,2.500,3.500,30.000,127
2308,O,2.500,3.500,30.000,115
2309,O,2.500,3.500,30.000,120
2310,O,2.500,3.500,30.000,104
2311,O,2.500,3.500,30.000,122
2312,O,2.500,3.500,30.000,111
2313,O,2.500,3.500,30.000,111
2314,O,2.500,3.500,30.000,128
2315,O,2.500,3.500,30.000,127
2316,O,2.500,3.500,30.000,122
2317,O,2.500,3.500,30.000,124
2318,O,2.500,3.500,30.000,112
2319,O,2.500,3.500,30.000,120
2320,O,2.500,3.500,30.000,112
2321,O,2.500,3.500,30.000,120
2322,O,2.500,3.500,30.000,124
2323,O,2.500,3.500,30.000,110
2324,O,2.500,3.500,30.000,121
2325,O,2.500,3.500,30.000,113
2326,O,2.500,3.500,30.000,124
2327,O,2.500,3.500,30.000,122
2328,O,2.500,3.500,30.000,114
2329,O,2.500,3.500,30.000,124
2330,O,2.500,3.500,30.000,125
2331,O,2.500,3.500,30.000,119
2332,O,2.500,3.500,30.000,117
2333,O,2.500,3.500,30.000,116
2334,O,2.500,3.500,30.000,113
2335,O,2.500,3.500,30.000,124
2336,O,2.500,3.500,30.000,117
2337,O,2.500,3.500,30.000,123
2338,O,2.500,3.500,30.000,122
2339,O,2.500,3.500,30.000,114
2340,O,2.500,3.500,30.000,121
2341,O,2.500,3.500,30.000,125
2342,O,2.500,3.500,30.000,119
2343,O,2.500,3.500,30.000,116
2344,O,2.500,3.500,30.000,119
2345,O,2.500,3.500,30.000,122
2346,O,2.500,3.500,30.000,123
2347,O,2.500,3.500,30.000,110
2348,O,2.500,3.500,30.000,119
2349,O,2.500,3.500,30.000,122
2350,O,2.500,3.500,30.000,117
2351,O,2.500,3.500,30.000,119
2352,O,2.500,3.500,30.000,122
2353,O,2.500,3.500,30.000,121
2354,O,2.500,3.500,30.000,118
2355,O,2.500,3.500,30.000,118
2356,O,2.500,3.500,30.000,124
2357,O,2.500,3.500,30.000,120
2358,O,2.500,3.500,30.000,120
2359,O,2.500,3.500,30.000,125
2360,O,2.500,3.500,30.000,125
2361,O,2.500,3.500,30.000,125
2362,O,2.500,3.500,30.000,124
2363,O,2.500,3.500,30.000,125
2364,O,2.500,3.500,30.000,110
2365,O,2.500,3.500,30.000,115
2366,O,2.500,3.500,30.000,118
2367,O,2.500,3.500,30.000,113
2368,O,2.500,3.500,30.000,122
2369,O,2.500,3.500,30.000,115
2370,O,2.500,3.500,30.000,123
2371,O,2.500,3.500,30.000,119
2372,O,2.500,3.500,30.000,130
2373,O,2.500,3.500,30.000,130
2374,O,2.500,3.500,30.000,120
2375,O,2.500,3.500,30.000,125
2376,O,2.500,3.500,30.000,131
2377,O,2.500,3.500,30.000,132
2378,O,2.500,3.500,30.000,119
2379,O,2.500,3.500,30.000,122
2380,O,2.500,3.500,30.000,120
2381,O,2.500,3.500,30.000,112
2382,O,2.500,3.500,30.000,116
2383,O,2.500,3.500,30.000,125
2384,O,2.500,3.500,30.000,111
2385,O,2.500,3.500,30.000,116
2386,O,2.500,3.500,30.000,115
2387,O,2.500,3.500,30.000,114
2388,O,2.500,3.500,30.000,121
2389,O,2.500,3.500,30.000,111
2390,O,2.500,3.500,30.000,125
2391,O,2.500,3.500,30.000,112
2392,O,2.500,3.500,30.000,125
2393,O,2.500,3.500,30.000,122
2394,O,2.500,3.500,30.000,118
2395,O,2.500,3.500,30.000,117
2396,O,2.500,3.500,30.000,120
2397,O,2.500,3.500,30.000,118
2398,O,2.500,3.500,30.000,120
2399,O,2.500,3.500,30.000,113
2400,O,2.500,3.500,30.000,117
2401,O,2.500,3.500,30.000,111
2402,O,2.500,3.500,30.000,120
2403,O,2.500,3.500,30.000,120
2404,O,2.500,3.500,30.000,118
2405,O,2.500,3.500,30.000,113
2406,O,2.500,3.500,30.000,109
2407,O,2.500,3.500,30.000,120
2408,O,2.500,3.500,30.000,124
2409,O,2.500,3.500,30.000,114
2410,O,2.500,3.500,30.000,113
2411,O,2.500,3.500,30.000,129
2412,O,2.500,3.500,30.000,106
2413,O,2.500,3.500,30.000,111
2414,O,2.500,3.500,30.000,121
2415,O,2.500,3.500,30.000,121
2416,O,2.500,3.500,30.000,115
2417,O,2.500,3.500,30.000,111
2418,O,2.500,3.500,30.000,118
2419,O,2.500,3.500,30.000,118
2420,O,2.500,3.500,30.000,112
2421,O,2.500,3.500,30.000,115
2422,O,2.500,3.500,30.000,121
2423,O,2.500,3.500,30.000,113
2424,O,2.500,3.500,30.000,127
2425,O,2.500,3.500,30.000,114
2426,O,2.500,3.500,30.000,108
2427,O,2.500,3.500,30.000,108
2428,O,2.500,3.500,30.000,124
2429,O,2.500,3.500,30.000,116
2430,O,2.500,3.500,30.000,113
2431,O,2.500,3.500,30.000,121
2432,O,2.500,3.500,30.000,119
2433,O,2.500,3.500,30.000,116
2434,O,2.500,3.500,30.000,124
2435,O,2.500,3.500,30.000,123
2436,O,2.500,3.500,30.000,111
2437,O,2.500,3.500,30.000,115
2438,O,2.500,3.500,30.000,115
2439,O,2.500,3.500,30.000,117
2440,O,2.500,3.500,30.000,118
2441,O,2.500,3.500,30.000,114
2442,O,2.500,3.500,30.000,119
2443,O,2.500,3.500,30.000,118
2444,O,2.500,3.500,30.000,125
2445,O,2.500,3.500,30.000,119
2446,O,2.500,3.500,30.000,110
2447,O,2.500,3.500,30.000,121
2448,O,2.500,3.500,30.000,115
2449,O,2.500,3.500,30.000,113
2450,O,2.500,3.500,30.000,120
2451,O,2.500,3.500,30.000,113
2452,O,2.500,3.500,30.000,109
2453,O,2.500,3.500,30.000,119
2454,O,2.500,3.500,30.000,112
2455,O,2.500,3.500,30.000,113
2456,O,2.500,3.500,30.000,118
2457,O,2.500,3.500,30.000,119
2458,O,2.500,3.500,30.000,114
2459,O,2.500,3.500,30.000,110
2460,O,2.500,3.500,30.000,118
2461,O,2.500,3.500,30.000,118
2462,O,2.500,3.500,30.000,112
2463,O,2.500,3.500,30.000,117
2464,O,2.500,3.500,30.000,119
2465,O,2.500,3.500,30.000,117
2466,O,2.500,3.500,30.000,116
2467,O,2.500,3.500,30.000,117
2468,O,2.500,3.500,30.000,118
2469,O,2.500,3.500,30.000,119
2470,O,2.500,3.500,30.000,125
2471,O,2.500,3.500,30.000,116
2472,O,2.500,3.500,30.000,123
2473,O,2.500,3.500,30.000,120
2474,O,2.500,3.500,30.000,115
2475,O,2.500,3.500,30.000,115
2476,O,2.500,3.500,30.000,115
2477,O,2.500,3.500,30.000,122
2478,O,2.500,3.500,30.000,128
2479,O,2.500,3.500,30.000,125
2480,O,2.500,3.500,30.000,116
2481,O,2.500,3.500,30.000,123
2482,O,2.500,3.500,30.000,124
2483,O,2.500,3.500,30.000,120
2484,O,2.500,3.500,30.000,125
2485,O,2.500,3.500,30.000,115
2486,O,2.500,3.500,30.000,124
2487,O,2.500,3.500,30.000,121
2488,O,2.500,3.500,30.000,118
2489,O,2.500,3.500,30.000,123
2490,O,2.500,3.500,30.000,115
2491,O,2.500,3.500,30.000,118
2492,O,2.500,3.500,30.000,119
2493,O,2.500,3.500,30.000,122
2494,O,2.500,3.500,30.000,116
2495,O,2.500,3.500,30.000,113
2496,O,2.500,3.500,30.000,129
2497,O,2.500,3.500,30.000,118
2498,O,2.500,3.500,30.000,119
2499,O,2.500,3.500,30.000,121
2500,O,2.500,3.500,30.000,111
